"lat","lng","name"
35.68,139.744,"東京地裁 Tokyo Local Court"
35.68,139.744,"東京高裁 Tokyo High Court"
33.57,130.37,"福岡地裁 Fukuoka Local Court"
33.57,130.37,"福岡高裁 Fukuoka High Court"
35.68,139.744,"最高裁 Supreme Court"
34.59,135.503,"大阪地裁 Osaka Local Court"
34.59,135.503,"大阪高裁 Osaka High Court"
32.74,129.87,"長崎地裁 Nagasaki Local Court"
35.01,135.764,"京都地裁 Kyoto Local Court"
36.68,137.2,"富山地裁 Toyama Local Court"
36.56,136.66,"名古屋高裁金沢支部 Nagoya High Court Kanazawa Branch"
35,135.86,"大津地裁 Otsu Local Court"
33.96,130.93,"山口地裁下関支部 Yamaguchi Local Court Shimonoseki Branch"
34.4,132.46,"広島高裁 Hiroshima High Court"
34.4,132.46,"広島地裁 Hiroshima Local Court"
34.97,138.38,"静岡地裁 Shizuoka Local Court"
36.65,138.18,"長野地裁 Nagano Local Court"
35.68,139.744,"東京簡易裁判所 Tokyo Summary Court"
31.9,131.428,"宮崎地裁 Miyazaki Local Court"
31.9,131.428,"福岡高裁宮崎支部 Fukuoka High Court Miyazaki Branch"
35.18,136.89,"名古屋地裁 Nagoya Local Court"
35.18,136.89,"名古屋高裁 Nagoya High Court"
37.96,139.03,"新潟地裁 Niigata Local Court"
43.05,141.34,"札幌地裁 Sapporo Local Court"
43.05,141.34,"札幌高裁 Sapporo High Court"
36.39,139.06,"前橋地裁 Maebashi Local Court"
38.25,140.33,"山形地裁 Yamagata Local Court"
38.25,140.86,"仙台高裁 Sendai High Court"
36.56,136.66,"金沢地裁 Kanazawa Local Court"