"source","target","time"
"堤岩里訴訟 Tiam-ri Massacre Lawsuit","19","1991-07-15"
"サハリン上敷香事件訴訟 Sakhalin Kamishisuka MassacreLawsuit","19","1991-08-17"
"サハリン上敷香事件訴訟 Sakhalin Kamishisuka MassacreLawsuit","22","1995-08-09"
"日本鋼管損害賠償請求訴訟（金景錫裁判）NKK Damage (Kim Jingsi) Lawsuit","22","1997-05-29"
"日本鋼管損害賠償請求訴訟（金景錫裁判）NKK Damage (Kim Jingsi) Lawsuit","19","1991-09-30"
"国庫債券支払請求訴訟 Lawsuit for Payment of National Treasury Bonds","22","1980-01-01"
"国庫債券支払請求訴訟 Lawsuit for Payment of National Treasury Bonds","19","1977-01-01"
"韓国人ＢＣ級戦犯国家補償等請求訴訟 Korean Class BC war criminals national compensation claim lawsuit","49","1998-07-14"
"韓国人ＢＣ級戦犯国家補償等請求訴訟 Korean Class BC war criminals national compensation claim lawsuit","22","1996-09-19"
"韓国人ＢＣ級戦犯国家補償等請求訴訟 Korean Class BC war criminals national compensation claim lawsuit","19","1991-11-12"
"千代田生命生保支払請求訴訟 Payment Request Lawsuit Against Chiyoda Life Insurance","22","1978-01-01"
"千代田生命生保支払請求訴訟 Payment Request Lawsuit Against Chiyoda Life Insurance","19","1973-01-01"
"連合軍捕虜等訴訟 Lawsuit by Allied POWs","19","1995-01-30"
"日韓会談文書公開訴訟3次訴訟 Third Lawsuit for opening the archival documents on Japan-Korean negotiation","19","2008-10-14"
"日韓会談文書公開訴訟2次訴訟 Second Lawsuit for opening the archival documents on Japan-Korean negotiation","19","2008-04-23"
"旧日本軍遺棄毒ガス敦化訴訟 Dunhua Lawsuit on abadoned chemical weapons by Japanese military","19","2008-01-17"
"サハリン残留韓国人郵便貯金返還訴訟 Lawsuit by Sakhalin Koreans for repayment of postal savings","19","2007-09-25"
"靖国合祀取消（ノー！ハプサ）訴訟 Lawsuit to Stop collective enshrinment of Koreans at Yasukuni","19","2007-02"
"チチハル遺棄毒ガス訴訟 Lawsuit on abandoned chemical weapons in Qiqihar","19","2007-01-25"
"日韓会談文書公開訴訟１次訴訟 First Lawsuit for opening the archival documents on Japan-Korean negotiation","19","2006-12-18"
"重慶大爆撃被害者国家賠償請求訴訟 State Reparation Lawsuit for Victims of Chongqing Air Raids","19","2006-03-30"
"台湾・ハンセン病補償請求棄却処分取消訴訟 Lawsuit for the reversal of the dismissal of reparation claims by Taiwanese Hansen disease patients","19","2004-12-17"
"韓国・ハンセン病補償請求棄却処分取消訴訟 Lawsuit for the reversal of the dismissal of reparation claims by Korean Hansen disease patients","19","2003-03-23"
"韓国人徴用工供託金返還請求第二次訴訟（日鉄釜石） Second Lawsuit to retrieve deposits by Korean forced laborers at Nippon Steel Kamaishi Co.","19","2002-04-27"
"海南島戦時性暴力被害者名誉回復等請求訴訟 Lawsuit by victims of military sexual violence in Hainan for restitution etc.","19","2001-07-16"
"韓国元軍人･軍属･遺族靖国合祀絶止･遺骨返還･謝罪･補償請求訴訟 Lawsuit by Korean former Japanese soldiers, military affiliates and bereaved against Yasukuni Shrine for end of enshrinement, return of remains, apology, and reparation","19","2001-06-29"
"韓国人徴用工供託金返還請求第一次訴訟（日鉄釜石） First Lawsuit to retrieve deposits by Korean forced laborers at Nippon Steel Kamaishi Co.","19","2000-04-27"
"李秀英南京大虐殺名誉毀損訴訟 Lawsuit by Li Xiuying for Defamation Damage about Nanjing Massacre","19","1999-09-17"
"台湾人元「慰安婦」損害賠償・謝罪請求訴訟 Lawsuit by former Taiwanese 'comfort women' for apology and reparation","19","1999-07-14"
"中国人性暴力被害者謝罪損害賠償請求事件（山西省） Lawsuit by Shanxi Chinese Victims of Military Sexual Violence for Apology and Reparation","19","1998-10-30"
"在日台湾人遺族未払教員恩給支払請求訴訟  Lawsuit for Unpaid Wages of Zainichi Taiwanese Teacher by the Bereaved","19","1997-11-12"
"旧日本軍遺棄毒ガス・砲二次訴訟 Second Lawsuit on Abadoned Chemical Weapons in China by Japanese Military","19","1997-10-16"
"中国人強制連行東京第二次訴訟 Second Tokyo Lawsuit by Chinese Forced Laborers","19","1997-09-18"
"731部隊細菌戦(浙江省･湖南省) 国家賠償請求訴訟 State Reparation Lawsuit for Unit 731 Victims in Zhejiang and Hunan Province","19","1997-08-11"
"旧日本軍遺棄毒ガス一次訴訟 Lawsuit on Abadoned Chemical Weapon in China by Japanese Military","19","1996-12-09"
"シベリア抑留元日本兵謝罪・損害賠償請求訴訟（呉雄根・小熊謙二） Lawsuit by Former Japanese Soldiers Detained in Siberia for Apology and Reparation","19","1996-09-25"
"平頂山事件訴訟 Ping Ding Shan Massacre Lawsuit","19","1996-08-14"
"劉連仁訴訟 Lawsuit by Liu Lianren","19","1996-03-25"
"中国人「慰安婦」二次訴訟 Second Lawsuit of Chinese 'Comfort Women'","19","1996-02-23"
"日本製鉄韓国人元徴用工損害賠償等請求訴訟 Korean Forced Laborers Reparation Lawsuit against Nippon Steel","19","1995-09-22"
"731部隊・南京大虐殺・無差別爆撃訴訟 Lawsuit by Victims of Unit 731, Nanjing Massacre, Indiscriminate Air Raids","19","1995-08-07"
"中国人「慰安婦」一次訴訟 First Lawsuit by Chinese 'Comfort Women'","19","1995-08-07"
"鹿島花岡鉱山中国人強制連行訴訟 Lawsuit by Chinese Forced Laborers at Kashima Hanaoka Mine","19","1995-06-28"
"韓国人元ＢＣ級戦犯公式謝罪・国家補償請求訴訟 Korean Ex-BC Class War Criminals Lawsuit for Official Apology and National Compensation","19","1995-05-10"
"サハリン残留者帰還請求訴訟 Sakhalin Stranded Lawsuit for Repatriation","19","1975-12-01"
"樺太抑留朝鮮人帰還請求訴訟 Sakhalin Korean Lawsuit for Repatriation","19","1974-01-16"
"台湾人戦時貯蓄債券支払請求訴訟 Taiwanese Wartime Savings Bond Payment Lawsuit","19","1977-01-01"
"台湾人軍票時価払戻請求訴訟 Lawsuit Demanding Refund of Market Value of Taiwanese Military Vouchers","19","1977-01-01"
"台湾人元日本兵訴訟 Taiwanese Former Japanese Soldier Lawsuit","19","1977-08-13"
"サハリン残留韓国人補償請求訴訟 Lawsuit for compensation for Korean residents left behind in Sakhalin","19","1990-08-29"
"公式陳謝・賠償請求訴訟 Lawsuit for official apology and compensation for Korean forced laborers","19","1990-10-29"
"アジア太平洋戦争韓国人犠牲者補償請求訴訟 Lawsuit for Compensation for Korean Victims of the Asia-Pacific War","19","1991-12-06"
"江原道遺族会訴訟 Gangwon Province Forced laborers Bereft Association Lawsuit","19","1991-12-12"
"石成基・陳石一訴訟  Si Cheongji  Cheon Sii Lawsuit","19","1992-08-13"
"対日民族訴訟 Korean National Lawsuit against Japan","19","1992-08-28"
"金成壽国家賠償請求訴訟 Kim Sung Soo Lawsuit for State Reparation","19","1992-11-15"
"フィリピン性奴隷国家補償請求事件 Philippine Sexual Slavery State Compensation Claims Case","19","1993-04-02"
"在日元「慰安婦」裁判（宋神道）Zainichi Former 'Comfort Women' Lawsuit (Son Shindo)","19","1993-04-05"
"光州千人訴訟 Gwangju Thousand People Lawsuit","19","1993-06-30"
"香港軍票補償請求訴訟 Hong Kong Military Ticket Compensation Claims Lawsuit","19","1993-08-13"
"人骨焼却差止住民訴訟 Lawsuit to Stop the burning of human remains in Shinjuku","19","1993-09-02"
"オランダ人元捕虜・民間抑留者訴訟 Lawsuits by Dutch former prisoners of war and civilian internees","19","1994-01-24"
"金成壽恩給請求棄却処分取消請求訴訟 Lawsuit to reverse the dismissal of King Sung-su request for state benefit","19","1995-01-18"
"日本製鉄韓国人元徴用工損害賠償等請求訴訟 Korean Forced Laborers Reparation Lawsuit against Nippon Steel","22","2003-12-31"
"崔圭明日本生命の企業責任を問う裁判 Lawsuit by Choi Kyu-ming against Nippon Life for Corporate Responsibility","22","undefined"
"日韓会談文書公開訴訟3次訴訟 Third Lawsuit for opening the archival documents on Japan-Korean negotiation","22","2012-10-24"
"日韓会談文書公開訴訟2次訴訟 Second Lawsuit for opening the archival documents on Japan-Korean negotiation","22","2009-12-25"
"旧日本軍遺棄毒ガス敦化訴訟 Dunhua Lawsuit on abadoned chemical weapons by Japanese military","22","undefined"
"靖国合祀取消（ノー！ハプサ）訴訟 Lawsuit to Stop collective enshrinment of Koreans at Yasukuni","22","undefined"
"チチハル遺棄毒ガス訴訟 Lawsuit on abandoned chemical weapons in Qiqihar","22","undefined"
"日韓会談文書公開訴訟１次訴訟 First Lawsuit for opening the archival documents on Japan-Korean negotiation","22","undefined"
"重慶大爆撃被害者国家賠償請求訴訟 State Reparation Lawsuit for Victims of Chongqing Air Raids","22","2015"
"台湾・ハンセン病補償請求棄却処分取消訴訟 Lawsuit for the reversal of the dismissal of reparation claims by Taiwanese Hansen disease patients","22","2005-11-08"
"韓国・ハンセン病補償請求棄却処分取消訴訟 Lawsuit for the reversal of the dismissal of reparation claims by Korean Hansen disease patients","22","2005-10-26"
"中国人強制連行群馬訴訟（月夜野訴訟）Gunma Lawsuit by Chinese Forced Laborers (Tsukiyono Lawsuit)","22","undefined"
"韓国人徴用工供託金返還請求第二次訴訟（日鉄釜石） Second Lawsuit to retrieve deposits by Korean forced laborers at Nippon Steel Kamaishi Co.","22","undefined"
"海南島戦時性暴力被害者名誉回復等請求訴訟 Lawsuit by victims of military sexual violence in Hainan for restitution etc.","22","2006-12-31"
"韓国元軍人･軍属･遺族靖国合祀絶止･遺骨返還･謝罪･補償請求訴訟 Lawsuit by Korean former Japanese soldiers, military affiliates and bereaved against Yasukuni Shrine for end of enshrinement, return of remains, apology, and reparation","22","2006-12-31"
"韓国人徴用工供託金返還請求第一次訴訟（日鉄釜石） First Lawsuit to retrieve deposits by Korean forced laborers at Nippon Steel Kamaishi Co.","22","2004-10-31"
"李秀英南京大虐殺名誉毀損訴訟 Lawsuit by Li Xiuying for Defamation Damage about Nanjing Massacre","22","2002-05-31"
"中国人強制違行・強制労働新潟訴訟 Niigata Lawsuit by Chinese Forced Laborers","22","2004-03-29"
"台湾人元「慰安婦」損害賠償・謝罪請求訴訟 Lawsuit by former Taiwanese 'comfort women' for apology and reparation","22","2002-10-31"
"中国人性暴力被害者謝罪損害賠償請求事件（山西省） Lawsuit by Shanxi Chinese Victims of Military Sexual Violence for Apology and Reparation","22","2002-05-08"
"中国人強制連行長野訴訟 Nagano Lawsuit by Chinese Forced Laborers","22","2006-03-31"
"旧日本軍遺棄毒ガス・砲二次訴訟 Second Lawsuit on Abadoned Chemical Weapons in China by Japanese Military","22","2003-05-31"
"中国人強制連行東京第二次訴訟 Second Tokyo Lawsuit by Chinese Forced Laborers","22","2003-03-19"
"731部隊細菌戦(浙江省･湖南省) 国家賠償請求訴訟 State Reparation Lawsuit for Unit 731 Victims in Zhejiang and Hunan Province","22","2002-09-03"
"東京麻糸紡績沼津工場朝鮮人女子勤労挺身隊訴訟 Lawsuit by the Korean Womens Teishintai Volunteer Corp at Ashi Spinners Numazu Factory Tokyo","22","2000-12-31"
"旧日本軍遺棄毒ガス一次訴訟 Lawsuit on Abadoned Chemical Weapon in China by Japanese Military","22","2003-10-03"
"シベリア抑留元日本兵謝罪・損害賠償請求訴訟（呉雄根・小熊謙二） Lawsuit by Former Japanese Soldiers Detained in Siberia for Apology and Reparation","22","2000-02-28"
"平頂山事件訴訟 Ping Ding Shan Massacre Lawsuit","22","2002-07-08"
"劉連仁訴訟 Lawsuit by Liu Lianren","22","2001-07-23"
"中国人「慰安婦」二次訴訟 Second Lawsuit of Chinese 'Comfort Women'","22","2002-12-31"
"台湾人戦時貯蓄債券支払請求訴訟 Taiwanese Wartime Savings Bond Payment Lawsuit","22","1980-01-01"
"台湾人軍票時価払戻請求訴訟 Lawsuit Demanding Refund of Market Value of Taiwanese Military Vouchers","22","1980-01-01"
"台湾人元日本兵訴訟 Taiwanese Former Japanese Soldier Lawsuit","22","1982-01-01"
"台湾人元軍属軍事郵便貯金時価支払請求訴訟 Lawsuit for payment of market value of Taiwanese ex-servicemens military postal savings","22","1977-01-01"
"アジア太平洋戦争韓国人犠牲者補償請求訴訟 Lawsuit for Compensation for Korean Victims of the Asia-Pacific War","22","2001-01-01"
"江原道遺族会訴訟 Gangwon Province Forced laborers Bereft Association Lawsuit","22","1996-12-06"
"石成基・陳石一訴訟  Si Cheongji  Cheon Sii Lawsuit","22","1994-07-26"
"対日民族訴訟 Korean National Lawsuit against Japan","22","1996-03-26"
"金成壽国家賠償請求訴訟 Kim Sung Soo Lawsuit for State Reparation","22","1998-07-06"
"フィリピン性奴隷国家補償請求事件 Philippine Sexual Slavery State Compensation Claims Case","22","1998-10-23"
"在日元「慰安婦」裁判（宋神道）Zainichi Former 'Comfort Women' Lawsuit (Son Shindo)","22","1999-10-07"
"光州千人訴訟 Gwangju Thousand People Lawsuit","22","1998-12-21"
"香港軍票補償請求訴訟 Hong Kong Military Ticket Compensation Claims Lawsuit","22","1999-12-31"
"人骨焼却差止住民訴訟 Lawsuit to Stop the burning of human remains in Shinjuku","22","1994-12-16"
"オランダ人元捕虜・民間抑留者訴訟 Lawsuits by Dutch former prisoners of war and civilian internees","22","1998-12-02"
"金成壽恩給請求棄却処分取消請求訴訟 Lawsuit to reverse the dismissal of King Sung-su request for state benefit","22","1998-08-04"
"連合軍捕虜等訴訟 Lawsuit by Allied POWs","22","1998-11-26"
"韓国人元ＢＣ級戦犯公式謝罪・国家補償請求訴訟 Korean Ex-BC Class War Criminals Lawsuit for Official Apology and National Compensation","22","1999-04-06"
"鹿島花岡鉱山中国人強制連行訴訟 Lawsuit by Chinese Forced Laborers at Kashima Hanaoka Mine","22","1999-12-11"
"中国人「慰安婦」一次訴訟 First Lawsuit by Chinese 'Comfort Women'","22","2001-06-12"
"731部隊・南京大虐殺・無差別爆撃訴訟 Lawsuit by Victims of Unit 731, Nanjing Massacre, Indiscriminate Air Raids","22","1999-12-31"
"孫振斗手帳裁判 Son Chindo Notebook Lawsuit","49","1975-07-31"
"孫振斗手帳裁判 Son Chindo Notebook Lawsuit","48","1974-04-12"
"孫振斗手帳裁判 Son Chindo Notebook Lawsuit","44","1972-03-07"
"中国人強制連行福岡二陣訴訟 Second Fukuoka Lawsuit by Chinese Forced Laborers","44","2003-02-28"
"中国人強制連行福岡一次訴訟 First Fukuoka Lawsuit by Chinese Forced Laborers","44","2000-05-10"
"在韓被爆者医療費請求長崎訴訟 Nagasaki Lawsuit for medical expense of Korean Hibakusha","48","undefined"
"在韓被爆者鄭南壽手帳申請却下処分取消等訴訟 Lawsuit to reverse the dismissal of application of health benefit account by Korean Hibakusha Jeung Nan-su","48","undefined"
"崔季澈在外被爆者葬祭料裁判 Lawsuit for the Funeral Cost of Korean Hibakusha Choi Ji-Chul","48","2005-03-16"
"中国人強制連行宮崎訴訟 Miyazaki Lawsuit by Chinese Forced Laborers","48","2007-03-26"
"在韓被爆者健康管理手当支給訴訟(崔季澈) Lawsuit for back payment of Korean Hibakusha health benefit (Choi Ji-chul)","48","undefined"
"在韓被爆者健康管理手当受給停止処分取消訴訟(崔季澈裁判) Lawsuit for the reversal of the stoppage of health benefit for Korean Hibakusha (Choi Ji-chul Lawsuit)","48","2004-10-07"
"在韓被爆者李康寧健康管理手当受給権者地位確認訴訟 Lawsuit to ascertain the right of Korean Hibakusha Lee Kang-yeong to receive health benefit","48","2002-01-08"
"中国人強制連行・強制労働・原爆被爆者、遺族損害賠償請求訴訟","48","2007-04-06"
"中国人強制連行福岡二陣訴訟 Second Fukuoka Lawsuit by Chinese Forced Laborers","48","2006-04-11"
"中国人強制連行福岡一次訴訟 First Fukuoka Lawsuit by Chinese Forced Laborers","48","2002-04-26"
"金順吉裁判 Kim Sonkil Lawsuit","48","1997-12-09"
"韓国人元ＢＣ級戦犯公式謝罪・国家補償請求訴訟 Korean Ex-BC Class War Criminals Lawsuit for Official Apology and National Compensation","49","2000-12-31"
"不二越二つ次訴訟 Second Lawsuit against Nachi-Fujikoshi Corp","49","undefined"
"李秀英南京大虐殺名誉毀損訴訟 Lawsuit by Li Xiuying for Defamation Damage about Nanjing Massacre","49","2003-04-31"
"韓国人徴用工供託金返還請求第二次訴訟（日鉄釜石） Second Lawsuit to retrieve deposits by Korean forced laborers at Nippon Steel Kamaishi Co.","49","2006"
"韓国人徴用工供託金返還請求第一次訴訟（日鉄釜石） First Lawsuit to retrieve deposits by Korean forced laborers at Nippon Steel Kamaishi Co.","49","2005-12"
"在韓被爆者医療費請求大阪訴訟 Osaka lawsuit for medical expense of Korean Hibakusha","49","undefined"
"日韓会談文書公開訴訟2次訴訟 Second Lawsuit for opening the archival documents on Japan-Korean negotiation","49","2010-07-07"
"旧日本軍遺棄毒ガス敦化訴訟 Dunhua Lawsuit on abadoned chemical weapons by Japanese military","49","undefined"
"チチハル遺棄毒ガス訴訟 Lawsuit on abandoned chemical weapons in Qiqihar","49","undefined"
"重慶大爆撃被害者国家賠償請求訴訟 State Reparation Lawsuit for Victims of Chongqing Air Raids","49","2017"
"中国人強制連行謝罪補償請求七尾訴訟 Nanao Lawsuit by Chinese Forced Laborers for Apology and Reparation","49","undefined"
"三菱・韓国人元徴用工被爆者手帳申請却下処分取消訴訟 Lawsuit to reverse the dismissal of Mitsubishi Korean forced laborers request to apply for Hibakusha health benefit account","49","2005-02-01"
"中国人強制連行山形･酒田訴訟 Yamagata Sakata Lawsuit by Chinese Forced Laborers","49","undefined"
"中国人強制連行宮崎訴訟 Miyazaki Lawsuit by Chinese Forced Laborers","49","undefined"
"在韓被爆者健康管理手当支給訴訟(崔季澈) Lawsuit for back payment of Korean Hibakusha health benefit (Choi Ji-chul)","49","undefined"
"中国人強制連行・強制労働・原爆被爆者、遺族損害賠償請求訴訟","49","undefined"
"中国人強制連行福岡二陣訴訟 Second Fukuoka Lawsuit by Chinese Forced Laborers","49","2009-03-24"
"中国人強制連行群馬訴訟（月夜野訴訟）Gunma Lawsuit by Chinese Forced Laborers (Tsukiyono Lawsuit)","49","undefined"
"海南島戦時性暴力被害者名誉回復等請求訴訟 Lawsuit by victims of military sexual violence in Hainan for restitution etc.","49","undefined"
"韓国元軍人･軍属･遺族靖国合祀絶止･遺骨返還･謝罪･補償請求訴訟 Lawsuit by Korean former Japanese soldiers, military affiliates and bereaved against Yasukuni Shrine for end of enshrinement, return of remains, apology, and reparation","49","undefined"
"中国人強制連行福岡一次訴訟 First Fukuoka Lawsuit by Chinese Forced Laborers","49","2004-06-04"
"中国人強制連行北海道訴訟 Hokkaido Lawsuit by Chinese Forced Laborers","49","undefined"
"中国人強制違行・強制労働新潟訴訟 Niigata Lawsuit by Chinese Forced Laborers","49","undefined"
"台湾人元「慰安婦」損害賠償・謝罪請求訴訟 Lawsuit by former Taiwanese 'comfort women' for apology and reparation","49","2004-02-18"
"在韓被爆者李康寧健康管理手当受給権者地位確認訴訟 Lawsuit to ascertain the right of Korean Hibakusha Lee Kang-yeong to receive health benefit","49","2003-02-17"
"三菱名古屋･朝鮮女子勤労挺身隊訴訟 Lawsuit by Korean Women Volunteer Corp against Mitsubishi Nagoya","49","2007-06-31"
"中国人性暴力被害者謝罪損害賠償請求事件（山西省） Lawsuit by Shanxi Chinese Victims of Military Sexual Violence for Apology and Reparation","49","2003-04-31"
"中国人強制連行京都訴訟（大江山訴訟）Lawsuit by Chinese Forced Laborers Taken to Oeyama, Kyoto","49","2006-12-31"
"台湾出身元ＢＣ級戦犯損害賠償請求訴訟 Lawsuit for reparation by former Taiwanese Class BC War Criminals","49","2002-12-31"
"西松建設中国人強制連行・強制労働損害賠償請求訴訟 Lawsuit by Chinese forced laborers against Nishimatsu Construction for Damage Reparation","49","2004-07-09"
"日鉄大阪製鐵所元徴用工損害賠償請求訴訟 Lawsuit by forced Laborers against Nittetsu Osaka for Damage Reparation","49","2002-12-31"
"中国人強制連行長野訴訟 Nagano Lawsuit by Chinese Forced Laborers","49","undefined"
"中国人強制連行東京第二次訴訟 Second Tokyo Lawsuit by Chinese Forced Laborers","49","2006-03-31"
"731部隊細菌戦(浙江省･湖南省) 国家賠償請求訴訟 State Reparation Lawsuit for Unit 731 Victims in Zhejiang and Hunan Province","49","2005-07-20"
"東京麻糸紡績沼津工場朝鮮人女子勤労挺身隊訴訟 Lawsuit by the Korean Womens Teishintai Volunteer Corp at Ashi Spinners Numazu Factory Tokyo","49","2002-12-31"
"旧日本軍遺棄毒ガス一次訴訟 Lawsuit on Abadoned Chemical Weapon in China by Japanese Military","49","undefined"
"シベリア抑留元日本兵謝罪・損害賠償請求訴訟（呉雄根・小熊謙二） Lawsuit by Former Japanese Soldiers Detained in Siberia for Apology and Reparation","49","2000-12-31"
"平頂山事件訴訟 Ping Ding Shan Massacre Lawsuit","49","2005-05-31"
"劉連仁訴訟 Lawsuit by Liu Lianren","49","2005-06-27"
"中国人「慰安婦」二次訴訟 Second Lawsuit of Chinese 'Comfort Women'","49","2005-12-31"
"三菱広島・元徴用工被爆者未払賃金等請求訴訟 Lawsuit against Mitsubishi Hiroshima for Unpaid Wages for Hibakusha Korean Forced Laborers","49","2005-02-01"
"日本製鉄韓国人元徴用工損害賠償等請求訴訟 Korean Forced Laborers Reparation Lawsuit against Nippon Steel","49","2005-12-31"
"731部隊・南京大虐殺・無差別爆撃訴訟 Lawsuit by Victims of Unit 731, Nanjing Massacre, Indiscriminate Air Raids","49","2005-12-31"
"中国人「慰安婦」一次訴訟 First Lawsuit by Chinese 'Comfort Women'","49","2004-12-27"
"台湾人元日本兵訴訟 Taiwanese Former Japanese Soldier Lawsuit","49","1985-01-01"
"台湾人元軍属軍事郵便貯金時価支払請求訴訟 Lawsuit for payment of market value of Taiwanese ex-servicemens military postal savings","49","1978-01-01"
"鄭商根訴訟 Jeong Syanggen Lawsuit","49","1999-09-01"
"アジア太平洋戦争韓国人犠牲者補償請求訴訟 Lawsuit for Compensation for Korean Victims of the Asia-Pacific War","49","2003-01-01"
"江原道遺族会訴訟 Gangwon Province Forced laborers Bereft Association Lawsuit","49","2002-01-01"
"金順吉裁判 Kim Sonkil Lawsuit","49","2002-01-01"
"石成基・陳石一訴訟  Si Cheongji  Cheon Sii Lawsuit","49","1998-10-13"
"浮島丸訴訟 Ukishima-maru Lawsuit","49","2003-06-13"
"対日民族訴訟 Korean National Lawsuit against Japan","49","1998-10-13"
"不二越一次訴訟 First Lawsuit against Nachi-Fujikoshi Corp","49","1998-12-25"
"金成壽国家賠償請求訴訟 Kim Sung Soo Lawsuit for State Reparation","49","2000-01-01"
"シベリア抑留在日韓国人恩給・慰労金訴訟（李昌錫）Lawsuit by Siberian Detained Zainichi Koreans against Japan for Benefits (Lee Chang-Sik)","49","2000-12-31"
"関釜裁判 Lawsuit by Pusan Comfort Women and Womens Labor Corps Members","49","2001-04-12"
"フィリピン性奴隷国家補償請求事件 Philippine Sexual Slavery State Compensation Claims Case","49","2000-12-20"
"在日元「慰安婦」裁判（宋神道）Zainichi Former 'Comfort Women' Lawsuit (Son Shindo)","49","2000-12-12"
"光州千人訴訟 Gwangju Thousand People Lawsuit","49","undefined"
"香港軍票補償請求訴訟 Hong Kong Military Ticket Compensation Claims Lawsuit","49","2001-02-28"
"姜富中訴訟 Kang Pujeyong Lawsuit","49","2001-02-28"
"人骨焼却差止住民訴訟 Lawsuit to Stop the burning of human remains in Shinjuku","49","1995-12-27"
"オランダ人元捕虜・民間抑留者訴訟 Lawsuits by Dutch former prisoners of war and civilian internees","49","2001-10-31"
"金成壽恩給請求棄却処分取消請求訴訟 Lawsuit to reverse the dismissal of King Sung-su request for state benefit","49","undefined"
"連合軍捕虜等訴訟 Lawsuit by Allied POWs","49","2002-12-31"
"鄭商根訴訟 Jeong Syanggen Lawsuit","86","1995-10-20"
"鄭商根訴訟 Jeong Syanggen Lawsuit","85","1991-01-31"
"中国人強制連行国賠裁判 Lawsuit for state reparation for Chinese forced laborers","85","2015-06-26"
"在韓被爆者医療費請求大阪訴訟 Osaka lawsuit for medical expense of Korean Hibakusha","85","undefined"
"在韓被爆者健康手帳・健康管理手当却下処分取消訴訟 Lawsuit to reverse the dismissal of request by Korean Hibakusha for health benefit and account","85","2006"
"在韓被爆者葬祭料支給却下取消・損害賠償請求訴訟 Lawsuit to reverse the cancellation of payment for the funeral expense of Korean Hibakusha","85","2004-09-21"
"在韓被爆者李在錫健康管理手当受給権者地位確認訴訟 Lawsuit to ascertain the right of Korean Hibakusha Lee Jae-seok to receive health benefit","85","2001-10-03"
"崔圭明日本生命の企業責任を問う裁判 Lawsuit by Choi Kyu-ming against Nippon Life for Corporate Responsibility","85","1999-03-01"
"在韓被爆者健康管理手当受給権者地位確認訴訟 Lawsuit to ascertain the rights of Korean Hibakusha reciever of health benefit","85","1998-10-01"
"日鉄大阪製鐵所元徴用工損害賠償請求訴訟 Lawsuit by forced Laborers against Nittetsu Osaka for Damage Reparation","85","1997-12-24"
"中国人強制連行国賠裁判 Lawsuit for state reparation for Chinese forced laborers","86","undefined"
"在韓被爆者医療費請求大阪訴訟 Osaka lawsuit for medical expense of Korean Hibakusha","86","undefined"
"在韓被爆者健康管理手当受給権者地位確認訴訟 Lawsuit to ascertain the rights of Korean Hibakusha reciever of health benefit","86","2001-06-15"
"中国人強制連行京都訴訟（大江山訴訟）Lawsuit by Chinese Forced Laborers Taken to Oeyama, Kyoto","86","2003-01-31"
"日鉄大阪製鐵所元徴用工損害賠償請求訴訟 Lawsuit by forced Laborers against Nittetsu Osaka for Damage Reparation","86","2001-12-31"
"姜富中訴訟 Kang Pujeyong Lawsuit","86","1999-12-31"
"シベリア抑留在日韓国人恩給・慰労金訴訟（李昌錫）Lawsuit by Siberian Detained Zainichi Koreans against Japan for Benefits (Lee Chang-Sik)","86","1998-04-01"
"浮島丸訴訟 Ukishima-maru Lawsuit","86","2001-09-03"
"金順吉裁判 Kim Sonkil Lawsuit","108","1992-07-21"
"被爆者健康手帳交付申請却下処分取消訴訟 Lawsuit to reverse the dismissal of health benefit account application by Korean Hibakusha","108","2016-09-21"
"在韓被爆者医療費請求長崎訴訟 Nagasaki Lawsuit for medical expense of Korean Hibakusha","108","undefined"
"在韓被爆者鄭南壽手帳申請却下処分取消等訴訟 Lawsuit to reverse the dismissal of application of health benefit account by Korean Hibakusha Jeung Nan-su","108","2007"
"崔季澈在外被爆者葬祭料裁判 Lawsuit for the Funeral Cost of Korean Hibakusha Choi Ji-Chul","108","2004-12-31"
"在韓被爆者健康管理手当支給訴訟(崔季澈) Lawsuit for back payment of Korean Hibakusha health benefit (Choi Ji-chul)","108","2004-05-22"
"在韓被爆者健康管理手当受給停止処分取消訴訟(崔季澈裁判) Lawsuit for the reversal of the stoppage of health benefit for Korean Hibakusha (Choi Ji-chul Lawsuit)","108","2004-02-22"
"中国人強制連行・強制労働・原爆被爆者、遺族損害賠償請求訴訟","108","2003-11-28"
"在韓被爆者李康寧健康管理手当受給権者地位確認訴訟 Lawsuit to ascertain the right of Korean Hibakusha Lee Kang-yeong to receive health benefit","108","1999-05-31"
"浮島丸訴訟 Ukishima-maru Lawsuit","116","1992-08-25"
"中国人強制連行京都訴訟（大江山訴訟）Lawsuit by Chinese Forced Laborers Taken to Oeyama, Kyoto","116","1998-08-14"
"シベリア抑留在日韓国人恩給・慰労金訴訟（李昌錫）Lawsuit by Siberian Detained Zainichi Koreans against Japan for Benefits (Lee Chang-Sik)","116","1992-11-09"
"不二越一次訴訟 First Lawsuit against Nachi-Fujikoshi Corp","129","1992-03-10"
"不二越一次訴訟 First Lawsuit against Nachi-Fujikoshi Corp","130","1996-08-06"
"不二越二つ次訴訟 Second Lawsuit against Nachi-Fujikoshi Corp","129","2003-04-01"
"不二越二つ次訴訟 Second Lawsuit against Nachi-Fujikoshi Corp","130","undefined"
"姜富中訴訟 Kang Pujeyong Lawsuit","153","1993-08-26"
"関釜裁判 Lawsuit by Pusan Comfort Women and Womens Labor Corps Members","173","1998-05-01"
"関釜裁判 Lawsuit by Pusan Comfort Women and Womens Labor Corps Members","166","1992-12-25"
"三菱・韓国人元徴用工被爆者手帳申請却下処分取消訴訟 Lawsuit to reverse the dismissal of Mitsubishi Korean forced laborers request to apply for Hibakusha health benefit account","173","2006-10-05"
"西松建設中国人強制連行・強制労働損害賠償請求訴訟 Lawsuit by Chinese forced laborers against Nishimatsu Construction for Damage Reparation","173","2002-07-10"
"三菱広島・元徴用工被爆者未払賃金等請求訴訟 Lawsuit against Mitsubishi Hiroshima for Unpaid Wages for Hibakusha Korean Forced Laborers","173","1999-04-02"
"三菱広島・元徴用工被爆者未払賃金等請求訴訟 Lawsuit against Mitsubishi Hiroshima for Unpaid Wages for Hibakusha Korean Forced Laborers","235","1995-12-11"
"三菱・韓国人元徴用工被爆者手帳申請却下処分取消訴訟 Lawsuit to reverse the dismissal of Mitsubishi Korean forced laborers request to apply for Hibakusha health benefit account","235","2005-06-15"
"西松建設中国人強制連行・強制労働損害賠償請求訴訟 Lawsuit by Chinese forced laborers against Nishimatsu Construction for Damage Reparation","235","1998-01-16"
"東京麻糸紡績沼津工場朝鮮人女子勤労挺身隊訴訟 Lawsuit by the Korean Womens Teishintai Volunteer Corp at Ashi Spinners Numazu Factory Tokyo","286","1997-04-14"
"中国人強制連行長野訴訟 Nagano Lawsuit by Chinese Forced Laborers","314","1997-12-22"
"西松建設中国人強制連行・強制労働損害賠償請求訴訟 Lawsuit by Chinese forced laborers against Nishimatsu Construction for Damage Reparation","324","2009-10-27"
"西松建設信濃川和解 Shinanokawa Settlement with Nishimatsu Construction","324","2010-04-28"
"台湾出身元ＢＣ級戦犯損害賠償請求訴訟 Lawsuit for reparation by former Taiwanese Class BC War Criminals","329","1998-05-07"
"台湾出身元ＢＣ級戦犯損害賠償請求訴訟 Lawsuit for reparation by former Taiwanese Class BC War Criminals","330","2001-12-31"
"中国人強制連行宮崎訴訟 Miyazaki Lawsuit by Chinese Forced Laborers","329","2004-08-10"
"三菱名古屋･朝鮮女子勤労挺身隊訴訟 Lawsuit by Korean Women Volunteer Corp against Mitsubishi Nagoya","351","1999-03-01"
"三菱名古屋･朝鮮女子勤労挺身隊訴訟 Lawsuit by Korean Women Volunteer Corp against Mitsubishi Nagoya","352","2005-03-09"
"中国人強制連行謝罪補償請求七尾訴訟 Nanao Lawsuit by Chinese Forced Laborers for Apology and Reparation","352","undefined"
"中国人強制違行・強制労働新潟訴訟 Niigata Lawsuit by Chinese Forced Laborers","385","1999-08-31"
"中国人強制連行北海道訴訟 Hokkaido Lawsuit by Chinese Forced Laborers","408","1999-09-01"
"中国人強制連行北海道訴訟 Hokkaido Lawsuit by Chinese Forced Laborers","412","2004-04-01"
"中国人強制連行群馬訴訟（月夜野訴訟）Gunma Lawsuit by Chinese Forced Laborers (Tsukiyono Lawsuit)","444","2002-05-27"
"中国人強制連行山形･酒田訴訟 Yamagata Sakata Lawsuit by Chinese Forced Laborers","482","undefined"
"中国人強制連行山形･酒田訴訟 Yamagata Sakata Lawsuit by Chinese Forced Laborers","481","2004-12-17"
"中国人強制連行謝罪補償請求七尾訴訟 Nanao Lawsuit by Chinese Forced Laborers for Apology and Reparation","488","2005-07-19"