"source","target"
"吉ケ江治道 Yoshigae Harumichi","サハリン上敷香事件訴訟 Sakhalin Kamishisuka MassacreLawsuit"
"光前幸一 Kozen Koichi","サハリン上敷香事件訴訟 Sakhalin Kamishisuka MassacreLawsuit"
"小山達也 Koyama Tatsuya","サハリン上敷香事件訴訟 Sakhalin Kamishisuka MassacreLawsuit"
"宮田信男 Miyata Nobuo","サハリン上敷香事件訴訟 Sakhalin Kamishisuka MassacreLawsuit"
"鵜飼良昭 Ukai Yoshiaki","日本鋼管損害賠償請求訴訟（金景錫裁判）NKK Damage (Kim Jingsi) Lawsuit"
"桑原育朗 Kuwahara Ikuro","日本鋼管損害賠償請求訴訟（金景錫裁判）NKK Damage (Kim Jingsi) Lawsuit"
"森川文人 Morikawa Fumito","日本鋼管損害賠償請求訴訟（金景錫裁判）NKK Damage (Kim Jingsi) Lawsuit"
"米倉勉 Yonekura Tsutomu","日本鋼管損害賠償請求訴訟（金景錫裁判）NKK Damage (Kim Jingsi) Lawsuit"
"梓澤和幸 Azukawa Kazuyuki","日本鋼管損害賠償請求訴訟（金景錫裁判）NKK Damage (Kim Jingsi) Lawsuit"
"三木恵美子 Miki Emiko","日本鋼管損害賠償請求訴訟（金景錫裁判）NKK Damage (Kim Jingsi) Lawsuit"
"羽倉佐知子 Hagura Sachiko","日本鋼管損害賠償請求訴訟（金景錫裁判）NKK Damage (Kim Jingsi) Lawsuit"
"三木恵美子 Miki Emiko","中国人「慰安婦」一次訴訟 First Lawsuit by Chinese 'Comfort Women'"
"三木恵美子 Miki Emiko","中国人「慰安婦」二次訴訟 Second Lawsuit of Chinese 'Comfort Women'"
"森川文人 Morikawa Fumito","人骨焼却差止住民訴訟 Lawsuit to Stop the burning of human remains in Shinjuku"
"元林義治 Motobayashi Yoshiharu","国庫債券支払請求訴訟 Lawsuit for Payment of National Treasury Bonds"
"元林義治 Motobayashi Yoshiharu","台湾人元軍属軍事郵便貯金時価支払請求訴訟 Lawsuit for payment of market value of Taiwanese ex-servicemens military postal savings"
"元林義治 Motobayashi Yoshiharu","台湾人軍票時価払戻請求訴訟 Lawsuit Demanding Refund of Market Value of Taiwanese Military Vouchers"
"元林義治 Motobayashi Yoshiharu","台湾人戦時貯蓄債券支払請求訴訟 Taiwanese Wartime Savings Bond Payment Lawsuit"
"秀島ゆかり Hideshima Yukari","韓国人ＢＣ級戦犯国家補償等請求訴訟 Korean Class BC war criminals national compensation claim lawsuit"
"小池健治 Koike Kenchi","韓国人ＢＣ級戦犯国家補償等請求訴訟 Korean Class BC war criminals national compensation claim lawsuit"
"木村庸五 Kimura Yogo","韓国人ＢＣ級戦犯国家補償等請求訴訟 Korean Class BC war criminals national compensation claim lawsuit"
"和久田修 Wakuta Osamu","韓国人ＢＣ級戦犯国家補償等請求訴訟 Korean Class BC war criminals national compensation claim lawsuit"
"平湯真人 Hirayu Makoto","韓国人ＢＣ級戦犯国家補償等請求訴訟 Korean Class BC war criminals national compensation claim lawsuit"
"上本忠雄 Uemoto Tadao","韓国人ＢＣ級戦犯国家補償等請求訴訟 Korean Class BC war criminals national compensation claim lawsuit"
"今村嗣夫 Imamura Tsuguo","韓国人ＢＣ級戦犯国家補償等請求訴訟 Korean Class BC war criminals national compensation claim lawsuit"
"華岡益之 Hanaoka Masuyuki","千代田生命生保支払請求訴訟 Payment Request Lawsuit Against Chiyoda Life Insurance"
"斎藤則之 Saito Noriyuki","サハリン残留者帰還請求訴訟 Sakhalin Stranded Lawsuit for Repatriation"
"佐藤博史 Sato Hiroshi","サハリン残留者帰還請求訴訟 Sakhalin Stranded Lawsuit for Repatriation"
"藍谷邦雄 Aitani Kunio","サハリン残留者帰還請求訴訟 Sakhalin Stranded Lawsuit for Repatriation"
"榊一夫 Sakaki Kazuwo","サハリン残留者帰還請求訴訟 Sakhalin Stranded Lawsuit for Repatriation"
"菅原克也 Sugawara Katsuya","サハリン残留者帰還請求訴訟 Sakhalin Stranded Lawsuit for Repatriation"
"内田晴康 Uchida Haruyasu","サハリン残留者帰還請求訴訟 Sakhalin Stranded Lawsuit for Repatriation"
"川崎隆司 Kawasaki Takashi","サハリン残留者帰還請求訴訟 Sakhalin Stranded Lawsuit for Repatriation"
"有賀信勇 Ariga Nobuo","サハリン残留者帰還請求訴訟 Sakhalin Stranded Lawsuit for Repatriation"
"伊藤まゆ","サハリン残留者帰還請求訴訟 Sakhalin Stranded Lawsuit for Repatriation"
"久々湊道夫 Kukuminato Michio","サハリン残留者帰還請求訴訟 Sakhalin Stranded Lawsuit for Repatriation"
"泉博","サハリン残留者帰還請求訴訟 Sakhalin Stranded Lawsuit for Repatriation"
"浜秀和 Hama Hidekazu","サハリン残留者帰還請求訴訟 Sakhalin Stranded Lawsuit for Repatriation"
"原後山治 Harago Sanji","サハリン残留者帰還請求訴訟 Sakhalin Stranded Lawsuit for Repatriation"
"有賀正明 Ariga Seimei","サハリン残留者帰還請求訴訟 Sakhalin Stranded Lawsuit for Repatriation"
"柏木裕 Kashiwagi Yu","サハリン残留者帰還請求訴訟 Sakhalin Stranded Lawsuit for Repatriation"
"高木健一 Takagi Kenichi","サハリン残留者帰還請求訴訟 Sakhalin Stranded Lawsuit for Repatriation"
"森田昭夫 Morita Akio","サハリン残留者帰還請求訴訟 Sakhalin Stranded Lawsuit for Repatriation"
"菅原克也 Sugawara Katsuya","サハリン残留韓国人郵便貯金返還訴訟 Lawsuit by Sakhalin Koreans for repayment of postal savings"
"菅原克也 Sugawara Katsuya","サハリン残留韓国人補償請求訴訟 Lawsuit for compensation for Korean residents left behind in Sakhalin"
"藍谷邦雄 Aitani Kunio","台湾人元「慰安婦」損害賠償・謝罪請求訴訟 Lawsuit by former Taiwanese 'comfort women' for apology and reparation"
"藍谷邦雄 Aitani Kunio","連合軍捕虜等訴訟 Lawsuit by Allied POWs"
"藍谷邦雄 Aitani Kunio","オランダ人元捕虜・民間抑留者訴訟 Lawsuits by Dutch former prisoners of war and civilian internees"
"藍谷邦雄 Aitani Kunio","在日元「慰安婦」裁判（宋神道）Zainichi Former 'Comfort Women' Lawsuit (Son Shindo)"
"高木健一 Takagi Kenichi","サハリン残留韓国人補償請求訴訟 Lawsuit for compensation for Korean residents left behind in Sakhalin"
"高木健一 Takagi Kenichi","アジア太平洋戦争韓国人犠牲者補償請求訴訟 Lawsuit for Compensation for Korean Victims of the Asia-Pacific War"
"高木健一 Takagi Kenichi","フィリピン性奴隷国家補償請求事件 Philippine Sexual Slavery State Compensation Claims Case"
"高木健一 Takagi Kenichi","香港軍票補償請求訴訟 Hong Kong Military Ticket Compensation Claims Lawsuit"
"高木健一 Takagi Kenichi","サハリン残留韓国人郵便貯金返還訴訟 Lawsuit by Sakhalin Koreans for repayment of postal savings"
"久保田康史 Kuboda Yasufumi","孫振斗手帳裁判 Son Chindo Notebook Lawsuit"
"山下勝彦 Yamashita Katsuhiko","孫振斗手帳裁判 Son Chindo Notebook Lawsuit"
"福地祐一 Fukuchi Yuichi","孫振斗手帳裁判 Son Chindo Notebook Lawsuit"
"平湯真人 Hirayu Makoto","在日元「慰安婦」裁判（宋神道）Zainichi Former 'Comfort Women' Lawsuit (Son Shindo)"
"秋本英男 Akimoto Hideo","台湾人元日本兵訴訟 Taiwanese Former Japanese Soldier Lawsuit"
"山田伸男 Yamada Nobuo","台湾人元日本兵訴訟 Taiwanese Former Japanese Soldier Lawsuit"
"鈴木五十三 Suzuki Isomi","台湾人元日本兵訴訟 Taiwanese Former Japanese Soldier Lawsuit"
"錦織淳 Nishikoori Atsushi","台湾人元日本兵訴訟 Taiwanese Former Japanese Soldier Lawsuit"
"岩倉哲二 Iwakura Tetsuji","台湾人元日本兵訴訟 Taiwanese Former Japanese Soldier Lawsuit"
"遠藤直哉 Endo Naoya","台湾人元日本兵訴訟 Taiwanese Former Japanese Soldier Lawsuit"
"羽柴駿 Hashiba Shun","台湾人元日本兵訴訟 Taiwanese Former Japanese Soldier Lawsuit"
"庭山正一郎 Niwayama Shoichiro","台湾人元日本兵訴訟 Taiwanese Former Japanese Soldier Lawsuit"
"鈴木五十三 Suzuki Isomi","連合軍捕虜等訴訟 Lawsuit by Allied POWs"
"鈴木五十三 Suzuki Isomi","オランダ人元捕虜・民間抑留者訴訟 Lawsuits by Dutch former prisoners of war and civilian internees"
"和久田修 Wakuta Osamu","金成壽恩給請求棄却処分取消請求訴訟 Lawsuit to reverse the dismissal of King Sung-su request for state benefit"
"上本忠雄 Uemoto Tadao","鹿島花岡鉱山中国人強制連行訴訟 Lawsuit by Chinese Forced Laborers at Kashima Hanaoka Mine"
"渡邉智子 Watanabe Satoko","アジア太平洋戦争韓国人犠牲者補償請求訴訟 Lawsuit for Compensation for Korean Victims of the Asia-Pacific War"
"山本宜成 Yamamoto Takanari","アジア太平洋戦争韓国人犠牲者補償請求訴訟 Lawsuit for Compensation for Korean Victims of the Asia-Pacific War"
"森川真好 Morikawa Masayoshi","アジア太平洋戦争韓国人犠牲者補償請求訴訟 Lawsuit for Compensation for Korean Victims of the Asia-Pacific War"
"幣原廣 Shidehara Hiroshi","アジア太平洋戦争韓国人犠牲者補償請求訴訟 Lawsuit for Compensation for Korean Victims of the Asia-Pacific War"
"林和男 Hayashi Kazuo","アジア太平洋戦争韓国人犠牲者補償請求訴訟 Lawsuit for Compensation for Korean Victims of the Asia-Pacific War"
"古田典子 Furuta Noriko","アジア太平洋戦争韓国人犠牲者補償請求訴訟 Lawsuit for Compensation for Korean Victims of the Asia-Pacific War"
"渡邉彰悟 Watanabe Shogo","アジア太平洋戦争韓国人犠牲者補償請求訴訟 Lawsuit for Compensation for Korean Victims of the Asia-Pacific War"
"福島瑞穂 Fukushima Mizuho","アジア太平洋戦争韓国人犠牲者補償請求訴訟 Lawsuit for Compensation for Korean Victims of the Asia-Pacific War"
"小沢弘子 Ozawa Hiroko","アジア太平洋戦争韓国人犠牲者補償請求訴訟 Lawsuit for Compensation for Korean Victims of the Asia-Pacific War"
"梁文洙 Yang Wonju","アジア太平洋戦争韓国人犠牲者補償請求訴訟 Lawsuit for Compensation for Korean Victims of the Asia-Pacific War"
"幣原廣 Shidehara Hiroshi","サハリン残留韓国人郵便貯金返還訴訟 Lawsuit by Sakhalin Koreans for repayment of postal savings"
"幣原廣 Shidehara Hiroshi","香港軍票補償請求訴訟 Hong Kong Military Ticket Compensation Claims Lawsuit"
"福島瑞穂 Fukushima Mizuho","在日元「慰安婦」裁判（宋神道）Zainichi Former 'Comfort Women' Lawsuit (Son Shindo)"
"梁文洙 Yang Wonju","石成基・陳石一訴訟  Si Cheongji  Cheon Sii Lawsuit"
"山本宜成 Yamamoto Takanari","サハリン残留韓国人郵便貯金返還訴訟 Lawsuit by Sakhalin Koreans for repayment of postal savings"
"渡邉智子 Watanabe Satoko","在日元「慰安婦」裁判（宋神道）Zainichi Former 'Comfort Women' Lawsuit (Son Shindo)"
"内田雅敏 Uchida Masatoshi","サハリン残留韓国人補償請求訴訟 Lawsuit for compensation for Korean residents left behind in Sakhalin"
"新美隆 Nimi Takashi","サハリン残留韓国人補償請求訴訟 Lawsuit for compensation for Korean residents left behind in Sakhalin"
"金敬得 Kim Kyengtuk","サハリン残留韓国人補償請求訴訟 Lawsuit for compensation for Korean residents left behind in Sakhalin"
"井上正治 Inoue Masaji","サハリン残留韓国人補償請求訴訟 Lawsuit for compensation for Korean residents left behind in Sakhalin"
"木村壮 Kimura Sou","サハリン残留韓国人補償請求訴訟 Lawsuit for compensation for Korean residents left behind in Sakhalin"
"木村壮 Kimura Sou","サハリン残留韓国人郵便貯金返還訴訟 Lawsuit by Sakhalin Koreans for repayment of postal savings"
"新美隆 Nimi Takashi","西松建設中国人強制連行・強制労働損害賠償請求訴訟 Lawsuit by Chinese forced laborers against Nishimatsu Construction for Damage Reparation"
"新美隆 Nimi Takashi","鹿島花岡鉱山中国人強制連行訴訟 Lawsuit by Chinese Forced Laborers at Kashima Hanaoka Mine"
"新美隆 Nimi Takashi","連合軍捕虜等訴訟 Lawsuit by Allied POWs"
"新美隆 Nimi Takashi","オランダ人元捕虜・民間抑留者訴訟 Lawsuits by Dutch former prisoners of war and civilian internees"
"新美隆 Nimi Takashi","石成基・陳石一訴訟  Si Cheongji  Cheon Sii Lawsuit"
"内田雅敏 Uchida Masatoshi","香港軍票補償請求訴訟 Hong Kong Military Ticket Compensation Claims Lawsuit"
"内田雅敏 Uchida Masatoshi","鹿島花岡鉱山中国人強制連行訴訟 Lawsuit by Chinese Forced Laborers at Kashima Hanaoka Mine"
"内田雅敏 Uchida Masatoshi","重慶大爆撃被害者国家賠償請求訴訟 State Reparation Lawsuit for Victims of Chongqing Air Raids"
"内田雅敏 Uchida Masatoshi","靖国合祀取消（ノー！ハプサ）訴訟 Lawsuit to Stop collective enshrinment of Koreans at Yasukuni"
"内田雅敏 Uchida Masatoshi","サハリン残留韓国人郵便貯金返還訴訟 Lawsuit by Sakhalin Koreans for repayment of postal savings"
"金敬得 Kim Kyengtuk","鹿島花岡鉱山中国人強制連行訴訟 Lawsuit by Chinese Forced Laborers at Kashima Hanaoka Mine"
"金敬得 Kim Kyengtuk","在日元「慰安婦」裁判（宋神道）Zainichi Former 'Comfort Women' Lawsuit (Son Shindo)"
"養父知美 Yofu Tomomi","鄭商根訴訟 Jeong Syanggen Lawsuit"
"津田尚廣 Tsuda Naohiro","鄭商根訴訟 Jeong Syanggen Lawsuit"
"上原康夫 Uehara Yasuo","鄭商根訴訟 Jeong Syanggen Lawsuit"
"在間秀和 Arima Hikekazu","鄭商根訴訟 Jeong Syanggen Lawsuit"
"菅充行 Suga Mitsuyuki","鄭商根訴訟 Jeong Syanggen Lawsuit"
"大川一夫 Okawa Kazuo","鄭商根訴訟 Jeong Syanggen Lawsuit"
"池田直樹 Ikeda Naoki","鄭商根訴訟 Jeong Syanggen Lawsuit"
"丹羽雅雄 Niwa Masao","鄭商根訴訟 Jeong Syanggen Lawsuit"
"丹羽雅雄 Niwa Masao","中国人強制連行国賠裁判 Lawsuit for state reparation for Chinese forced laborers"
"在間秀和 Arima Hikekazu","在韓被爆者医療費請求長崎訴訟 Nagasaki Lawsuit for medical expense of Korean Hibakusha"
"在間秀和 Arima Hikekazu","三菱・韓国人元徴用工被爆者手帳申請却下処分取消訴訟 Lawsuit to reverse the dismissal of Mitsubishi Korean forced laborers request to apply for Hibakusha health benefit account"
"在間秀和 Arima Hikekazu","三菱広島・元徴用工被爆者未払賃金等請求訴訟 Lawsuit against Mitsubishi Hiroshima for Unpaid Wages for Hibakusha Korean Forced Laborers"
"在間秀和 Arima Hikekazu","石成基・陳石一訴訟  Si Cheongji  Cheon Sii Lawsuit"
"菅充行 Suga Mitsuyuki","石成基・陳石一訴訟  Si Cheongji  Cheon Sii Lawsuit"
"池田直樹 Ikeda Naoki","フィリピン性奴隷国家補償請求事件 Philippine Sexual Slavery State Compensation Claims Case"
"小沢弘子 Ozawa Hiroko","在日元「慰安婦」裁判（宋神道）Zainichi Former 'Comfort Women' Lawsuit (Son Shindo)"
"渡邉彰悟 Watanabe Shogo","中国人「慰安婦」一次訴訟 First Lawsuit by Chinese 'Comfort Women'"
"林和男 Hayashi Kazuo","旧日本軍遺棄毒ガス一次訴訟 Lawsuit on Abadoned Chemical Weapon in China by Japanese Military"
"林和男 Hayashi Kazuo","サハリン残留韓国人郵便貯金返還訴訟 Lawsuit by Sakhalin Koreans for repayment of postal savings"
"林和男 Hayashi Kazuo","人骨焼却差止住民訴訟 Lawsuit to Stop the burning of human remains in Shinjuku"
"松浦信平 Matsuura Shinpei","江原道遺族会訴訟 Gangwon Province Forced laborers Bereft Association Lawsuit"
"松田生朗 Matsuda Ikuro","江原道遺族会訴訟 Gangwon Province Forced laborers Bereft Association Lawsuit"
"藤田正人 Fujita Masato","江原道遺族会訴訟 Gangwon Province Forced laborers Bereft Association Lawsuit"
"福山洋子 Fukuyama Yoko","江原道遺族会訴訟 Gangwon Province Forced laborers Bereft Association Lawsuit"
"泉澤章 Izumisawa Akira","江原道遺族会訴訟 Gangwon Province Forced laborers Bereft Association Lawsuit"
"泉澤章 Izumisawa Akira","中国人「慰安婦」二次訴訟 Second Lawsuit of Chinese 'Comfort Women'"
"泉澤章 Izumisawa Akira","平頂山事件訴訟 Ping Ding Shan Massacre Lawsuit"
"泉澤章 Izumisawa Akira","旧日本軍遺棄毒ガス一次訴訟 Lawsuit on Abadoned Chemical Weapon in China by Japanese Military"
"藤田正人 Fujita Masato","日本製鉄韓国人元徴用工損害賠償等請求訴訟 Korean Forced Laborers Reparation Lawsuit against Nippon Steel"
"藤田正人 Fujita Masato","光州千人訴訟 Gwangju Thousand People Lawsuit"
"藤田正人 Fujita Masato","関釜裁判 Lawsuit by Pusan Comfort Women and Womens Labor Corps Members"
"魚住昭三 Uozumi Shozo","金順吉裁判 Kim Sonkil Lawsuit"
"龍田紘一朗 Tatsuta Koichiro","金順吉裁判 Kim Sonkil Lawsuit"
"小林清隆 Kobayashi Kiyotaka","金順吉裁判 Kim Sonkil Lawsuit"
"龍田紘一朗 Tatsuta Koichiro","在韓被爆者鄭南壽手帳申請却下処分取消等訴訟 Lawsuit to reverse the dismissal of application of health benefit account by Korean Hibakusha Jeung Nan-su"
"龍田紘一朗 Tatsuta Koichiro","崔季澈在外被爆者葬祭料裁判 Lawsuit for the Funeral Cost of Korean Hibakusha Choi Ji-Chul"
"龍田紘一朗 Tatsuta Koichiro","在韓被爆者健康管理手当支給訴訟(崔季澈) Lawsuit for back payment of Korean Hibakusha health benefit (Choi Ji-chul)"
"龍田紘一朗 Tatsuta Koichiro","在韓被爆者健康管理手当受給停止処分取消訴訟(崔季澈裁判) Lawsuit for the reversal of the stoppage of health benefit for Korean Hibakusha (Choi Ji-chul Lawsuit)"
"龍田紘一朗 Tatsuta Koichiro","中国人強制連行・強制労働・原爆被爆者、遺族損害賠償請求訴訟"
"龍田紘一朗 Tatsuta Koichiro","在韓被爆者李康寧健康管理手当受給権者地位確認訴訟 Lawsuit to ascertain the right of Korean Hibakusha Lee Kang-yeong to receive health benefit"
"小林清隆 Kobayashi Kiyotaka","在韓被爆者鄭南壽手帳申請却下処分取消等訴訟 Lawsuit to reverse the dismissal of application of health benefit account by Korean Hibakusha Jeung Nan-su"
"小林清隆 Kobayashi Kiyotaka","崔季澈在外被爆者葬祭料裁判 Lawsuit for the Funeral Cost of Korean Hibakusha Choi Ji-Chul"
"小林清隆 Kobayashi Kiyotaka","在韓被爆者健康管理手当支給訴訟(崔季澈) Lawsuit for back payment of Korean Hibakusha health benefit (Choi Ji-chul)"
"小林清隆 Kobayashi Kiyotaka","在韓被爆者健康管理手当受給停止処分取消訴訟(崔季澈裁判) Lawsuit for the reversal of the stoppage of health benefit for Korean Hibakusha (Choi Ji-chul Lawsuit)"
"小林清隆 Kobayashi Kiyotaka","在韓被爆者李康寧健康管理手当受給権者地位確認訴訟 Lawsuit to ascertain the right of Korean Hibakusha Lee Kang-yeong to receive health benefit"
"澤藤統一郎 Sawafuji Toichiro","平頂山事件訴訟 Ping Ding Shan Massacre Lawsuit"
"武田信裕 Takeda Nobuhiro","浮島丸訴訟 Ukishima-maru Lawsuit"
"中田政義 Nakada Masayoshi","浮島丸訴訟 Ukishima-maru Lawsuit"
"小野誠之 Ono Nobuyuki","浮島丸訴訟 Ukishima-maru Lawsuit"
"松本康之 Matsumoto Yasuyuki","浮島丸訴訟 Ukishima-maru Lawsuit"
"堀和幸 Hori Kazuyuki","浮島丸訴訟 Ukishima-maru Lawsuit"
"山本晴太 Yamamoto Seita","浮島丸訴訟 Ukishima-maru Lawsuit"
"戸田洋平 Toda Yohei","浮島丸訴訟 Ukishima-maru Lawsuit"
"新谷正敏 Shintani Masatoshi","浮島丸訴訟 Ukishima-maru Lawsuit"
"金京富 Kim Kyeongpu","浮島丸訴訟 Ukishima-maru Lawsuit"
"池上哲朗 Ikegami Tetsuro","浮島丸訴訟 Ukishima-maru Lawsuit"
"山本晴太 Yamamoto Seita","関釜裁判 Lawsuit by Pusan Comfort Women and Womens Labor Corps Members"
"山本晴太 Yamamoto Seita","光州千人訴訟 Gwangju Thousand People Lawsuit"
"山本晴太 Yamamoto Seita","韓国人元ＢＣ級戦犯公式謝罪・国家補償請求訴訟 Korean Ex-BC Class War Criminals Lawsuit for Official Apology and National Compensation"
"山本晴太 Yamamoto Seita","シベリア抑留元日本兵謝罪・損害賠償請求訴訟（呉雄根・小熊謙二） Lawsuit by Former Japanese Soldiers Detained in Siberia for Apology and Reparation"
"山本晴太 Yamamoto Seita","東京麻糸紡績沼津工場朝鮮人女子勤労挺身隊訴訟 Lawsuit by the Korean Womens Teishintai Volunteer Corp at Ashi Spinners Numazu Factory Tokyo"
"山本晴太 Yamamoto Seita","三菱名古屋･朝鮮女子勤労挺身隊訴訟 Lawsuit by Korean Women Volunteer Corp against Mitsubishi Nagoya"
"山本晴太 Yamamoto Seita","中国人強制連行福岡一次訴訟 First Fukuoka Lawsuit by Chinese Forced Laborers"
"松本康之 Matsumoto Yasuyuki","光州千人訴訟 Gwangju Thousand People Lawsuit"
"松本康之 Matsumoto Yasuyuki","関釜裁判 Lawsuit by Pusan Comfort Women and Womens Labor Corps Members"
"池上哲朗 Ikegami Tetsuro","姜富中訴訟 Kang Pujeyong Lawsuit"
"池上哲朗 Ikegami Tetsuro","シベリア抑留在日韓国人恩給・慰労金訴訟（李昌錫）Lawsuit by Siberian Detained Zainichi Koreans against Japan for Benefits (Lee Chang-Sik)"
"武田信裕 Takeda Nobuhiro","姜富中訴訟 Kang Pujeyong Lawsuit"
"武田信裕 Takeda Nobuhiro","シベリア抑留在日韓国人恩給・慰労金訴訟（李昌錫）Lawsuit by Siberian Detained Zainichi Koreans against Japan for Benefits (Lee Chang-Sik)"
"金京富 Kim Kyeongpu","姜富中訴訟 Kang Pujeyong Lawsuit"
"金京富 Kim Kyeongpu","シベリア抑留在日韓国人恩給・慰労金訴訟（李昌錫）Lawsuit by Siberian Detained Zainichi Koreans against Japan for Benefits (Lee Chang-Sik)"
"奥村回 Okumura Kai","不二越一次訴訟 First Lawsuit against Nachi-Fujikoshi Corp"
"山田博 Yamada Hiroshi","不二越一次訴訟 First Lawsuit against Nachi-Fujikoshi Corp"
"斉藤寿雄 Saito Kazuo","不二越一次訴訟 First Lawsuit against Nachi-Fujikoshi Corp"
"飯森和彦 Imori Kazuhiko","不二越一次訴訟 First Lawsuit against Nachi-Fujikoshi Corp"
"黒田勇 Kuroda Isamu","不二越一次訴訟 First Lawsuit against Nachi-Fujikoshi Corp"
"松波淳一 Matsunami Junichi","不二越一次訴訟 First Lawsuit against Nachi-Fujikoshi Corp"
"青山嵩 Aoyama Takashi","不二越一次訴訟 First Lawsuit against Nachi-Fujikoshi Corp"
"山本直俊 Yamamoto Naotoshi","不二越一次訴訟 First Lawsuit against Nachi-Fujikoshi Corp"
"金川治人 Kanagawa Haruhito","不二越一次訴訟 First Lawsuit against Nachi-Fujikoshi Corp"
"山田博 Yamada Hiroshi","不二越二つ次訴訟 Second Lawsuit against Nachi-Fujikoshi Corp"
"奥村回 Okumura Kai","不二越二つ次訴訟 Second Lawsuit against Nachi-Fujikoshi Corp"
"飯森和彦 Imori Kazuhiko","不二越二つ次訴訟 Second Lawsuit against Nachi-Fujikoshi Corp"
"小川原優之 Ogawara Yuji","香港軍票補償請求訴訟 Hong Kong Military Ticket Compensation Claims Lawsuit"
"五百蔵洋一 Ioroi Yoichi","香港軍票補償請求訴訟 Hong Kong Military Ticket Compensation Claims Lawsuit"
"石田明義 Ishida Akiyoshi","香港軍票補償請求訴訟 Hong Kong Military Ticket Compensation Claims Lawsuit"
"平澤千鶴子 Hirasaka Chitsuko","香港軍票補償請求訴訟 Hong Kong Military Ticket Compensation Claims Lawsuit"
"仙石由人 Sengoku Yoshito","香港軍票補償請求訴訟 Hong Kong Military Ticket Compensation Claims Lawsuit"
"神田安積 Kanda Asaka","香港軍票補償請求訴訟 Hong Kong Military Ticket Compensation Claims Lawsuit"
"田邉昭彦 Tanabe Akihiko","金成壽国家賠償請求訴訟 Kim Sung Soo Lawsuit for State Reparation"
"谷直樹 Tani Naoki","金成壽国家賠償請求訴訟 Kim Sung Soo Lawsuit for State Reparation"
"和久田修 Wakuda Osamu","金成壽国家賠償請求訴訟 Kim Sung Soo Lawsuit for State Reparation"
"山口紀洋 Yamaguchi Toshihiro","金成壽国家賠償請求訴訟 Kim Sung Soo Lawsuit for State Reparation"
"山口紀洋 Yamaguchi Toshihiro","金成壽恩給請求棄却処分取消請求訴訟 Lawsuit to reverse the dismissal of King Sung-su request for state benefit"
"田邉昭彦 Tanabe Akihiko","金成壽恩給請求棄却処分取消請求訴訟 Lawsuit to reverse the dismissal of King Sung-su request for state benefit"
"谷直樹 Tani Naoki","金成壽恩給請求棄却処分取消請求訴訟 Lawsuit to reverse the dismissal of King Sung-su request for state benefit"
"中島俊則 Nakajima Toshinori","姜富中訴訟 Kang Pujeyong Lawsuit"
"小山千蔭 Koyama Chikage","姜富中訴訟 Kang Pujeyong Lawsuit"
"坂和優 Sakawa Suguru","姜富中訴訟 Kang Pujeyong Lawsuit"
"徳岡宏一郎 Tokuoka Toichiro","旧日本軍遺棄毒ガス一次訴訟 Lawsuit on Abadoned Chemical Weapon in China by Japanese Military"
"徳岡宏一郎 Tokuoka Toichiro","平頂山事件訴訟 Ping Ding Shan Massacre Lawsuit"
"山内一浩 Sannai Kazuhiro","人骨焼却差止住民訴訟 Lawsuit to Stop the burning of human remains in Shinjuku"
"南典男 Minami Norio","人骨焼却差止住民訴訟 Lawsuit to Stop the burning of human remains in Shinjuku"
"森川金寿 Morikawa Kinju","人骨焼却差止住民訴訟 Lawsuit to Stop the burning of human remains in Shinjuku"
"坂和優 Sakawa Suguru","シベリア抑留在日韓国人恩給・慰労金訴訟（李昌錫）Lawsuit by Siberian Detained Zainichi Koreans against Japan for Benefits (Lee Chang-Sik)"
"永井弘二 Nagai Koji","シベリア抑留在日韓国人恩給・慰労金訴訟（李昌錫）Lawsuit by Siberian Detained Zainichi Koreans against Japan for Benefits (Lee Chang-Sik)"
"小山千蔭 Koyama Chikage","シベリア抑留在日韓国人恩給・慰労金訴訟（李昌錫）Lawsuit by Siberian Detained Zainichi Koreans against Japan for Benefits (Lee Chang-Sik)"
"中島俊則 Nakajima Toshinori","シベリア抑留在日韓国人恩給・慰労金訴訟（李昌錫）Lawsuit by Siberian Detained Zainichi Koreans against Japan for Benefits (Lee Chang-Sik)"
"小山千蔭 Koyama Chikage","フィリピン性奴隷国家補償請求事件 Philippine Sexual Slavery State Compensation Claims Case"
"水野彰子 Mizuno Ayako","関釜裁判 Lawsuit by Pusan Comfort Women and Womens Labor Corps Members"
"片見富士夫 Katami Fujio","関釜裁判 Lawsuit by Pusan Comfort Women and Womens Labor Corps Members"
"李博盛 Lee Hakseng","関釜裁判 Lawsuit by Pusan Comfort Women and Womens Labor Corps Members"
"李宇海 Lee U-he","関釜裁判 Lawsuit by Pusan Comfort Women and Womens Labor Corps Members"
"福島武司 Fukushima Takeshi","関釜裁判 Lawsuit by Pusan Comfort Women and Womens Labor Corps Members"
"山崎吉男 Yamasaki Yoshio","関釜裁判 Lawsuit by Pusan Comfort Women and Womens Labor Corps Members"
"山崎吉男 Yamasaki Yoshio","光州千人訴訟 Gwangju Thousand People Lawsuit"
"李博盛 Lee Hakseng","光州千人訴訟 Gwangju Thousand People Lawsuit"
"福島武司 Fukushima Takeshi","光州千人訴訟 Gwangju Thousand People Lawsuit"
"水野彰子 Mizuno Ayako","光州千人訴訟 Gwangju Thousand People Lawsuit"
"李宇海 Lee U-he","韓国元軍人･軍属･遺族靖国合祀絶止･遺骨返還･謝罪･補償請求訴訟 Lawsuit by Korean former Japanese soldiers, military affiliates and bereaved against Yasukuni Shrine for end of enshrinement, return of remains, apology, and reparation"
"李宇海 Lee U-he","光州千人訴訟 Gwangju Thousand People Lawsuit"
"重村達郎 Shigemura Tatsuro","フィリピン性奴隷国家補償請求事件 Philippine Sexual Slavery State Compensation Claims Case"
"菅沼友子 Suganuma Tomoko","フィリピン性奴隷国家補償請求事件 Philippine Sexual Slavery State Compensation Claims Case"
"小川原優之 Ogawara Yuji","フィリピン性奴隷国家補償請求事件 Philippine Sexual Slavery State Compensation Claims Case"
"幸長裕美 Yukinaga Yumi","フィリピン性奴隷国家補償請求事件 Philippine Sexual Slavery State Compensation Claims Case"
"竹下政行 Takeshita Masayuki","フィリピン性奴隷国家補償請求事件 Philippine Sexual Slavery State Compensation Claims Case"
"東澤靖 Higashizawa Yasushi","フィリピン性奴隷国家補償請求事件 Philippine Sexual Slavery State Compensation Claims Case"
"佐藤芳嗣 Sato Yoshitsugu","フィリピン性奴隷国家補償請求事件 Philippine Sexual Slavery State Compensation Claims Case"
"稲垣隆一 Inagaki Ryuichi","フィリピン性奴隷国家補償請求事件 Philippine Sexual Slavery State Compensation Claims Case"
"武村二三夫 Takemura Fumio","フィリピン性奴隷国家補償請求事件 Philippine Sexual Slavery State Compensation Claims Case"
"中道武美 Nakamichi Takeyoshi","フィリピン性奴隷国家補償請求事件 Philippine Sexual Slavery State Compensation Claims Case"
"中北龍太郎 Nakakita Ryutaro","フィリピン性奴隷国家補償請求事件 Philippine Sexual Slavery State Compensation Claims Case"
"大島有紀子 Oshima Yukiko","フィリピン性奴隷国家補償請求事件 Philippine Sexual Slavery State Compensation Claims Case"
"林陽子 Hayashi Yoko","フィリピン性奴隷国家補償請求事件 Philippine Sexual Slavery State Compensation Claims Case"
"大作晃弘 Osaku Akihiro","フィリピン性奴隷国家補償請求事件 Philippine Sexual Slavery State Compensation Claims Case"
"川口和子 Kawaguchi Kazuko","フィリピン性奴隷国家補償請求事件 Philippine Sexual Slavery State Compensation Claims Case"
"中島光孝 Nakajima Mitsunori","フィリピン性奴隷国家補償請求事件 Philippine Sexual Slavery State Compensation Claims Case"
"秋田一惠 Akita Kazue","フィリピン性奴隷国家補償請求事件 Philippine Sexual Slavery State Compensation Claims Case"
"菅沼友子 Suganuma Tomoko","中国人「慰安婦」一次訴訟 First Lawsuit by Chinese 'Comfort Women'"
"竹下政行 Takeshita Masayuki","日鉄大阪製鐵所元徴用工損害賠償請求訴訟 Lawsuit by forced Laborers against Nittetsu Osaka for Damage Reparation"
"東澤靖 Higashizawa Yasushi","日韓会談文書公開訴訟3次訴訟 Third Lawsuit for opening the archival documents on Japan-Korean negotiation"
"東澤靖 Higashizawa Yasushi","日韓会談文書公開訴訟2次訴訟 Second Lawsuit for opening the archival documents on Japan-Korean negotiation"
"東澤靖 Higashizawa Yasushi","日韓会談文書公開訴訟１次訴訟 First Lawsuit for opening the archival documents on Japan-Korean negotiation"
"幸長裕美 Yukinaga Yumi","三菱・韓国人元徴用工被爆者手帳申請却下処分取消訴訟 Lawsuit to reverse the dismissal of Mitsubishi Korean forced laborers request to apply for Hibakusha health benefit account"
"幸長裕美 Yukinaga Yumi","日鉄大阪製鐵所元徴用工損害賠償請求訴訟 Lawsuit by forced Laborers against Nittetsu Osaka for Damage Reparation"
"幸長裕美 Yukinaga Yumi","三菱広島・元徴用工被爆者未払賃金等請求訴訟 Lawsuit against Mitsubishi Hiroshima for Unpaid Wages for Hibakusha Korean Forced Laborers"
"川口和子 Kawaguchi Kazuko","鹿島花岡鉱山中国人強制連行訴訟 Lawsuit by Chinese Forced Laborers at Kashima Hanaoka Mine"
"川口和子 Kawaguchi Kazuko","中国人性暴力被害者謝罪損害賠償請求事件（山西省） Lawsuit by Shanxi Chinese Victims of Military Sexual Violence for Apology and Reparation"
"川口和子 Kawaguchi Kazuko","日韓会談文書公開訴訟１次訴訟 First Lawsuit for opening the archival documents on Japan-Korean negotiation"
"川口和子 Kawaguchi Kazuko","日韓会談文書公開訴訟2次訴訟 Second Lawsuit for opening the archival documents on Japan-Korean negotiation"
"川口和子 Kawaguchi Kazuko","日韓会談文書公開訴訟3次訴訟 Third Lawsuit for opening the archival documents on Japan-Korean negotiation"
"南典男 Minami Norio","中国人「慰安婦」一次訴訟 First Lawsuit by Chinese 'Comfort Women'"
"南典男 Minami Norio","731部隊・南京大虐殺・無差別爆撃訴訟 Lawsuit by Victims of Unit 731, Nanjing Massacre, Indiscriminate Air Raids"
"南典男 Minami Norio","旧日本軍遺棄毒ガス一次訴訟 Lawsuit on Abadoned Chemical Weapon in China by Japanese Military"
"髙木喜孝 Takagi Yoshitaka","オランダ人元捕虜・民間抑留者訴訟 Lawsuits by Dutch former prisoners of war and civilian internees"
"吉田瑞彦 Yoshida Mizuhiko","オランダ人元捕虜・民間抑留者訴訟 Lawsuits by Dutch former prisoners of war and civilian internees"
"永野貫太郎 Nagano Kantaro","オランダ人元捕虜・民間抑留者訴訟 Lawsuits by Dutch former prisoners of war and civilian internees"
"鈴木一郎 Suzuki Ichiro","オランダ人元捕虜・民間抑留者訴訟 Lawsuits by Dutch former prisoners of war and civilian internees"
"山下朝陽 Yamashita Asahi","オランダ人元捕虜・民間抑留者訴訟 Lawsuits by Dutch former prisoners of war and civilian internees"
"永野貫太郎 Nagano Kantaro","連合軍捕虜等訴訟 Lawsuit by Allied POWs"
"中下裕子 Nakashita Yuko","在日元「慰安婦」裁判（宋神道）Zainichi Former 'Comfort Women' Lawsuit (Son Shindo)"
"中下裕子 Nakashita Yuko","中国人性暴力被害者謝罪損害賠償請求事件（山西省） Lawsuit by Shanxi Chinese Victims of Military Sexual Violence for Apology and Reparation"
"鈴木一郎 Suzuki Ichiro","連合軍捕虜等訴訟 Lawsuit by Allied POWs"
"吉田瑞彦 Yoshida Mizuhiko","連合軍捕虜等訴訟 Lawsuit by Allied POWs"
"山下朝陽 Yamashita Asahi","連合軍捕虜等訴訟 Lawsuit by Allied POWs"
"鶴見俊男 Tsurumi Toshio","金成壽恩給請求棄却処分取消請求訴訟 Lawsuit to reverse the dismissal of King Sung-su request for state benefit"
"鶴見俊男 Tsurumi Toshio","韓国元軍人･軍属･遺族靖国合祀絶止･遺骨返還･謝罪･補償請求訴訟 Lawsuit by Korean former Japanese soldiers, military affiliates and bereaved against Yasukuni Shrine for end of enshrinement, return of remains, apology, and reparation"
"川上英一 Kawakami Eiichi","韓国人元ＢＣ級戦犯公式謝罪・国家補償請求訴訟 Korean Ex-BC Class War Criminals Lawsuit for Official Apology and National Compensation"
"飯島康博 Ijima Yasuhiro","韓国人元ＢＣ級戦犯公式謝罪・国家補償請求訴訟 Korean Ex-BC Class War Criminals Lawsuit for Official Apology and National Compensation"
"中久保満昭 Nakakubo Mitsuaki","韓国人元ＢＣ級戦犯公式謝罪・国家補償請求訴訟 Korean Ex-BC Class War Criminals Lawsuit for Official Apology and National Compensation"
"川上英一 Kawakami Eiichi","シベリア抑留元日本兵謝罪・損害賠償請求訴訟（呉雄根・小熊謙二） Lawsuit by Former Japanese Soldiers Detained in Siberia for Apology and Reparation"
"中久保満昭 Nakakubo Mitsuaki","シベリア抑留元日本兵謝罪・損害賠償請求訴訟（呉雄根・小熊謙二） Lawsuit by Former Japanese Soldiers Detained in Siberia for Apology and Reparation"
"飯島康博 Ijima Yasuhiro","シベリア抑留元日本兵謝罪・損害賠償請求訴訟（呉雄根・小熊謙二） Lawsuit by Former Japanese Soldiers Detained in Siberia for Apology and Reparation"
"渡辺智子 Watanabe Tomoko","鹿島花岡鉱山中国人強制連行訴訟 Lawsuit by Chinese Forced Laborers at Kashima Hanaoka Mine"
"藤沢抱一 Fujisawa Hoitsu","鹿島花岡鉱山中国人強制連行訴訟 Lawsuit by Chinese Forced Laborers at Kashima Hanaoka Mine"
"清井礼司 Kiyoi Reiji","鹿島花岡鉱山中国人強制連行訴訟 Lawsuit by Chinese Forced Laborers at Kashima Hanaoka Mine"
"川田繁幸 Kawata Shigeyuki","鹿島花岡鉱山中国人強制連行訴訟 Lawsuit by Chinese Forced Laborers at Kashima Hanaoka Mine"
"鈴木宏一 Suzuki Koichi","鹿島花岡鉱山中国人強制連行訴訟 Lawsuit by Chinese Forced Laborers at Kashima Hanaoka Mine"
"足立修一 Adachi Shuichi","鹿島花岡鉱山中国人強制連行訴訟 Lawsuit by Chinese Forced Laborers at Kashima Hanaoka Mine"
"丸山健 Maruyama Ken","鹿島花岡鉱山中国人強制連行訴訟 Lawsuit by Chinese Forced Laborers at Kashima Hanaoka Mine"
"伊藤治兵衛 Ito Jihee","鹿島花岡鉱山中国人強制連行訴訟 Lawsuit by Chinese Forced Laborers at Kashima Hanaoka Mine"
"細谷裕美 Hosotani Hiromi","鹿島花岡鉱山中国人強制連行訴訟 Lawsuit by Chinese Forced Laborers at Kashima Hanaoka Mine"
"高橋耕 Takahashi Ko","鹿島花岡鉱山中国人強制連行訴訟 Lawsuit by Chinese Forced Laborers at Kashima Hanaoka Mine"
"荘司昊 Shoji Hiroshi","鹿島花岡鉱山中国人強制連行訴訟 Lawsuit by Chinese Forced Laborers at Kashima Hanaoka Mine"
"水谷賢 Mizutani Ken","鹿島花岡鉱山中国人強制連行訴訟 Lawsuit by Chinese Forced Laborers at Kashima Hanaoka Mine"
"芳永克彦 Yoshinaga Katsuhiko","鹿島花岡鉱山中国人強制連行訴訟 Lawsuit by Chinese Forced Laborers at Kashima Hanaoka Mine"
"清井礼司 Kiyoi Reiji","中国人性暴力被害者謝罪損害賠償請求事件（山西省） Lawsuit by Shanxi Chinese Victims of Military Sexual Violence for Apology and Reparation"
"足立修一 Adachi Shuichi","三菱広島・元徴用工被爆者未払賃金等請求訴訟 Lawsuit against Mitsubishi Hiroshima for Unpaid Wages for Hibakusha Korean Forced Laborers"
"足立修一 Adachi Shuichi","西松建設中国人強制連行・強制労働損害賠償請求訴訟 Lawsuit by Chinese forced laborers against Nishimatsu Construction for Damage Reparation"
"足立修一 Adachi Shuichi","在韓被爆者健康管理手当受給権者地位確認訴訟 Lawsuit to ascertain the rights of Korean Hibakusha reciever of health benefit"
"足立修一 Adachi Shuichi","在韓被爆者李康寧健康管理手当受給権者地位確認訴訟 Lawsuit to ascertain the right of Korean Hibakusha Lee Kang-yeong to receive health benefit"
"足立修一 Adachi Shuichi","在韓被爆者李在錫健康管理手当受給権者地位確認訴訟 Lawsuit to ascertain the right of Korean Hibakusha Lee Jae-seok to receive health benefit"
"足立修一 Adachi Shuichi","在韓被爆者葬祭料支給却下取消・損害賠償請求訴訟 Lawsuit to reverse the cancellation of payment for the funeral expense of Korean Hibakusha"
"足立修一 Adachi Shuichi","三菱・韓国人元徴用工被爆者手帳申請却下処分取消訴訟 Lawsuit to reverse the dismissal of Mitsubishi Korean forced laborers request to apply for Hibakusha health benefit account"
"足立修一 Adachi Shuichi","在韓被爆者健康手帳・健康管理手当却下処分取消訴訟 Lawsuit to reverse the dismissal of request by Korean Hibakusha for health benefit and account"
"足立修一 Adachi Shuichi","在韓被爆者医療費請求大阪訴訟 Osaka lawsuit for medical expense of Korean Hibakusha"
"足立修一 Adachi Shuichi","在韓被爆者医療費請求長崎訴訟 Nagasaki Lawsuit for medical expense of Korean Hibakusha"
"足立修一 Adachi Shuichi","被爆者健康手帳交付申請却下処分取消訴訟 Lawsuit to reverse the dismissal of health benefit account application by Korean Hibakusha"
"田鎖麻衣子 Tagusari Maiko","日本製鉄韓国人元徴用工損害賠償等請求訴訟 Korean Forced Laborers Reparation Lawsuit against Nippon Steel"
"大口昭彦 Oguchi Akihiko","日本製鉄韓国人元徴用工損害賠償等請求訴訟 Korean Forced Laborers Reparation Lawsuit against Nippon Steel"
"長谷川直彦 Hasegawa Naohiko","日本製鉄韓国人元徴用工損害賠償等請求訴訟 Korean Forced Laborers Reparation Lawsuit against Nippon Steel"
"田中公哲 Tanaka Masatetsu","日本製鉄韓国人元徴用工損害賠償等請求訴訟 Korean Forced Laborers Reparation Lawsuit against Nippon Steel"
"大口昭彦 Oguchi Akihiko","韓国元軍人･軍属･遺族靖国合祀絶止･遺骨返還･謝罪･補償請求訴訟 Lawsuit by Korean former Japanese soldiers, military affiliates and bereaved against Yasukuni Shrine for end of enshrinement, return of remains, apology, and reparation"
"長谷川直彦 Hasegawa Naohiko","重慶大爆撃被害者国家賠償請求訴訟 State Reparation Lawsuit for Victims of Chongqing Air Raids"
"林範夫 Hayashi Norio","三菱広島・元徴用工被爆者未払賃金等請求訴訟 Lawsuit against Mitsubishi Hiroshima for Unpaid Wages for Hibakusha Korean Forced Laborers"
"奥村秀二 Okumura Shuji","三菱広島・元徴用工被爆者未払賃金等請求訴訟 Lawsuit against Mitsubishi Hiroshima for Unpaid Wages for Hibakusha Korean Forced Laborers"
"林範夫 Hayashi Norio","三菱・韓国人元徴用工被爆者手帳申請却下処分取消訴訟 Lawsuit to reverse the dismissal of Mitsubishi Korean forced laborers request to apply for Hibakusha health benefit account"
"奥村秀二 Okumura Shuji","三菱・韓国人元徴用工被爆者手帳申請却下処分取消訴訟 Lawsuit to reverse the dismissal of Mitsubishi Korean forced laborers request to apply for Hibakusha health benefit account"
"奥村秀二 Okumura Shuji","在韓被爆者医療費請求長崎訴訟 Nagasaki Lawsuit for medical expense of Korean Hibakusha"
"奥村秀二 Okumura Shuji","日鉄大阪製鐵所元徴用工損害賠償請求訴訟 Lawsuit by forced Laborers against Nittetsu Osaka for Damage Reparation"
"小野寺利孝 Onodera Toshitaka","中国人「慰安婦」二次訴訟 Second Lawsuit of Chinese 'Comfort Women'"
"環直彌 Tamaki Naoya","中国人「慰安婦」二次訴訟 Second Lawsuit of Chinese 'Comfort Women'"
"坂口禎彦 Sakaguchi Sadahiko","中国人「慰安婦」二次訴訟 Second Lawsuit of Chinese 'Comfort Women'"
"大八木葉子 Oyagi Yoko","中国人「慰安婦」二次訴訟 Second Lawsuit of Chinese 'Comfort Women'"
"尾山宏 Oyama Hiroshi","中国人「慰安婦」二次訴訟 Second Lawsuit of Chinese 'Comfort Women'"
"大森典子 Omori Noriko","中国人「慰安婦」二次訴訟 Second Lawsuit of Chinese 'Comfort Women'"
"川上詩朗 Kawakami Shiro","中国人「慰安婦」二次訴訟 Second Lawsuit of Chinese 'Comfort Women'"
"野上佳世子 Nogami Kayoko","中国人「慰安婦」二次訴訟 Second Lawsuit of Chinese 'Comfort Women'"
"齊藤豊 Saito Yutaka","中国人「慰安婦」二次訴訟 Second Lawsuit of Chinese 'Comfort Women'"
"鳥海準 Toriumi Jun","中国人「慰安婦」二次訴訟 Second Lawsuit of Chinese 'Comfort Women'"
"高橋早苗 Takahashi Sanae","中国人「慰安婦」二次訴訟 Second Lawsuit of Chinese 'Comfort Women'"
"中野比登志 Nakano Hitoshi","中国人「慰安婦」二次訴訟 Second Lawsuit of Chinese 'Comfort Women'"
"山田勝彦 Yamada Katsuhiko","中国人「慰安婦」二次訴訟 Second Lawsuit of Chinese 'Comfort Women'"
"杉浦ひとみ Sugiura Hitomi","中国人「慰安婦」二次訴訟 Second Lawsuit of Chinese 'Comfort Women'"
"森田太三 Morita Taizo","中国人「慰安婦」二次訴訟 Second Lawsuit of Chinese 'Comfort Women'"
"元永佐緒里 Motonaga Saori","中国人「慰安婦」二次訴訟 Second Lawsuit of Chinese 'Comfort Women'"
"穂積剛 Hotsumi Takeshi","中国人「慰安婦」二次訴訟 Second Lawsuit of Chinese 'Comfort Women'"
"寺沢勝子 Terasawa Katsuko","中国人「慰安婦」二次訴訟 Second Lawsuit of Chinese 'Comfort Women'"
"環直彌 Tamaki Naoya","平頂山事件訴訟 Ping Ding Shan Massacre Lawsuit"
"鳥海準 Toriumi Jun","海南島戦時性暴力被害者名誉回復等請求訴訟 Lawsuit by victims of military sexual violence in Hainan for restitution etc."
"山田勝彦 Yamada Katsuhiko","平頂山事件訴訟 Ping Ding Shan Massacre Lawsuit"
"山田勝彦 Yamada Katsuhiko","旧日本軍遺棄毒ガス一次訴訟 Lawsuit on Abadoned Chemical Weapon in China by Japanese Military"
"ほか Others","中国人「慰安婦」一次訴訟 First Lawsuit by Chinese 'Comfort Women'"
"小笠原彩子 Ogasawara Saiko","中国人「慰安婦」一次訴訟 First Lawsuit by Chinese 'Comfort Women'"
"加藤文也 Kato Bunya","中国人「慰安婦」一次訴訟 First Lawsuit by Chinese 'Comfort Women'"
"渡邉春巳 Watanabe Harumi","中国人「慰安婦」一次訴訟 First Lawsuit by Chinese 'Comfort Women'"
"尾山宏 Oyama Hiroshi","中国人「慰安婦」一次訴訟 First Lawsuit by Chinese 'Comfort Women'"
"森田太三 Morita Taizo","中国人「慰安婦」一次訴訟 First Lawsuit by Chinese 'Comfort Women'"
"中野比登志 Nakano Hitoshi","中国人「慰安婦」一次訴訟 First Lawsuit by Chinese 'Comfort Women'"
"高橋融 Takahashi Toru","中国人「慰安婦」一次訴訟 First Lawsuit by Chinese 'Comfort Women'"
"坂口禎彦 Sakaguchi Sadahiko","中国人「慰安婦」一次訴訟 First Lawsuit by Chinese 'Comfort Women'"
"野上佳世子 Nogami Kayoko","中国人「慰安婦」一次訴訟 First Lawsuit by Chinese 'Comfort Women'"
"伊藤みさ子 Ito Misako","中国人「慰安婦」一次訴訟 First Lawsuit by Chinese 'Comfort Women'"
"則武透 Noritake Toru","中国人「慰安婦」一次訴訟 First Lawsuit by Chinese 'Comfort Women'"
"小野寺利孝 Onodera Toshitaka","中国人「慰安婦」一次訴訟 First Lawsuit by Chinese 'Comfort Women'"
"富岡恵美子 Tomioka Emiko","中国人「慰安婦」一次訴訟 First Lawsuit by Chinese 'Comfort Women'"
"馬奈木昭雄 Manaki Akio","中国人「慰安婦」一次訴訟 First Lawsuit by Chinese 'Comfort Women'"
"山下潔 Yamashita Kiyoshi","中国人「慰安婦」一次訴訟 First Lawsuit by Chinese 'Comfort Women'"
"大森典子 Omori Noriko","中国人「慰安婦」一次訴訟 First Lawsuit by Chinese 'Comfort Women'"
"寺沢勝子 Terasawa Katsuko","中国人「慰安婦」一次訴訟 First Lawsuit by Chinese 'Comfort Women'"
"廣谷陸男 Hiroya Rokuo","中国人「慰安婦」一次訴訟 First Lawsuit by Chinese 'Comfort Women'"
"齊藤豊 Saito Yutaka","中国人「慰安婦」一次訴訟 First Lawsuit by Chinese 'Comfort Women'"
"尾山宏 Oyama Hiroshi","平頂山事件訴訟 Ping Ding Shan Massacre Lawsuit"
"尾山宏 Oyama Hiroshi","劉連仁訴訟 Lawsuit by Liu Lianren"
"尾山宏 Oyama Hiroshi","731部隊・南京大虐殺・無差別爆撃訴訟 Lawsuit by Victims of Unit 731, Nanjing Massacre, Indiscriminate Air Raids"
"尾山宏 Oyama Hiroshi","旧日本軍遺棄毒ガス一次訴訟 Lawsuit on Abadoned Chemical Weapon in China by Japanese Military"
"尾山宏 Oyama Hiroshi","海南島戦時性暴力被害者名誉回復等請求訴訟 Lawsuit by victims of military sexual violence in Hainan for restitution etc."
"小野寺利孝 Onodera Toshitaka","平頂山事件訴訟 Ping Ding Shan Massacre Lawsuit"
"小野寺利孝 Onodera Toshitaka","劉連仁訴訟 Lawsuit by Liu Lianren"
"小野寺利孝 Onodera Toshitaka","旧日本軍遺棄毒ガス一次訴訟 Lawsuit on Abadoned Chemical Weapon in China by Japanese Military"
"小野寺利孝 Onodera Toshitaka","海南島戦時性暴力被害者名誉回復等請求訴訟 Lawsuit by victims of military sexual violence in Hainan for restitution etc."
"大森典子 Omori Noriko","海南島戦時性暴力被害者名誉回復等請求訴訟 Lawsuit by victims of military sexual violence in Hainan for restitution etc."
"加藤文也 Kato Bunya","731部隊・南京大虐殺・無差別爆撃訴訟 Lawsuit by Victims of Unit 731, Nanjing Massacre, Indiscriminate Air Raids"
"加藤文也 Kato Bunya","旧日本軍遺棄毒ガス一次訴訟 Lawsuit on Abadoned Chemical Weapon in China by Japanese Military"
"坂口禎彦 Sakaguchi Sadahiko","海南島戦時性暴力被害者名誉回復等請求訴訟 Lawsuit by victims of military sexual violence in Hainan for restitution etc."
"高橋融 Takahashi Toru","劉連仁訴訟 Lawsuit by Liu Lianren"
"中野比登志 Nakano Hitoshi","731部隊・南京大虐殺・無差別爆撃訴訟 Lawsuit by Victims of Unit 731, Nanjing Massacre, Indiscriminate Air Raids"
"中野比登志 Nakano Hitoshi","旧日本軍遺棄毒ガス一次訴訟 Lawsuit on Abadoned Chemical Weapon in China by Japanese Military"
"中野比登志 Nakano Hitoshi","海南島戦時性暴力被害者名誉回復等請求訴訟 Lawsuit by victims of military sexual violence in Hainan for restitution etc."
"渡邉春巳 Watanabe Harumi","731部隊・南京大虐殺・無差別爆撃訴訟 Lawsuit by Victims of Unit 731, Nanjing Massacre, Indiscriminate Air Raids"
"渡邉春巳 Watanabe Harumi","旧日本軍遺棄毒ガス一次訴訟 Lawsuit on Abadoned Chemical Weapon in China by Japanese Military"
"ほか Others","731部隊・南京大虐殺・無差別爆撃訴訟 Lawsuit by Victims of Unit 731, Nanjing Massacre, Indiscriminate Air Raids"
"ほか Others","劉連仁訴訟 Lawsuit by Liu Lianren"
"ほか Others","平頂山事件訴訟 Ping Ding Shan Massacre Lawsuit"
"ほか Others","731部隊細菌戦(浙江省･湖南省) 国家賠償請求訴訟 State Reparation Lawsuit for Unit 731 Victims in Zhejiang and Hunan Province"
"ほか Others","中国人強制連行長野訴訟 Nagano Lawsuit by Chinese Forced Laborers"
"ほか Others","台湾出身元ＢＣ級戦犯損害賠償請求訴訟 Lawsuit for reparation by former Taiwanese Class BC War Criminals"
"ほか Others","中国人強制連行京都訴訟（大江山訴訟）Lawsuit by Chinese Forced Laborers Taken to Oeyama, Kyoto"
"ほか Others","崔圭明日本生命の企業責任を問う裁判 Lawsuit by Choi Kyu-ming against Nippon Life for Corporate Responsibility"
"ほか Others","中国人強制違行・強制労働新潟訴訟 Niigata Lawsuit by Chinese Forced Laborers"
"ほか Others","中国人強制連行北海道訴訟 Hokkaido Lawsuit by Chinese Forced Laborers"
"ほか Others","李秀英南京大虐殺名誉毀損訴訟 Lawsuit by Li Xiuying for Defamation Damage about Nanjing Massacre"
"ほか Others","韓国人徴用工供託金返還請求第一次訴訟（日鉄釜石） First Lawsuit to retrieve deposits by Korean forced laborers at Nippon Steel Kamaishi Co."
"ほか Others","中国人強制連行福岡一次訴訟 First Fukuoka Lawsuit by Chinese Forced Laborers"
"ほか Others","韓国人徴用工供託金返還請求第二次訴訟（日鉄釜石） Second Lawsuit to retrieve deposits by Korean forced laborers at Nippon Steel Kamaishi Co."
"ほか Others","中国人強制連行群馬訴訟（月夜野訴訟）Gunma Lawsuit by Chinese Forced Laborers (Tsukiyono Lawsuit)"
"ほか Others","中国人強制連行福岡二陣訴訟 Second Fukuoka Lawsuit by Chinese Forced Laborers"
"ほか Others","韓国・ハンセン病補償請求棄却処分取消訴訟 Lawsuit for the reversal of the dismissal of reparation claims by Korean Hansen disease patients"
"ほか Others","中国人強制連行・強制労働・原爆被爆者、遺族損害賠償請求訴訟"
"ほか Others","中国人強制連行宮崎訴訟 Miyazaki Lawsuit by Chinese Forced Laborers"
"ほか Others","中国人強制連行山形･酒田訴訟 Yamagata Sakata Lawsuit by Chinese Forced Laborers"
"ほか Others","台湾・ハンセン病補償請求棄却処分取消訴訟 Lawsuit for the reversal of the dismissal of reparation claims by Taiwanese Hansen disease patients"
"ほか Others","中国人強制連行謝罪補償請求七尾訴訟 Nanao Lawsuit by Chinese Forced Laborers for Apology and Reparation"
"ほか Others","チチハル遺棄毒ガス訴訟 Lawsuit on abandoned chemical weapons in Qiqihar"
"ほか Others","靖国合祀取消（ノー！ハプサ）訴訟 Lawsuit to Stop collective enshrinment of Koreans at Yasukuni"
"ほか Others","旧日本軍遺棄毒ガス敦化訴訟 Dunhua Lawsuit on abadoned chemical weapons by Japanese military"
"ほか Others","中国人強制連行国賠裁判 Lawsuit for state reparation for Chinese forced laborers"
"及川信夫 Oikawa Nobuo","731部隊・南京大虐殺・無差別爆撃訴訟 Lawsuit by Victims of Unit 731, Nanjing Massacre, Indiscriminate Air Raids"
"穂積剛 Hotsumi Takeshi","731部隊・南京大虐殺・無差別爆撃訴訟 Lawsuit by Victims of Unit 731, Nanjing Massacre, Indiscriminate Air Raids"
"兵頭進 Hyodo Susumu","731部隊・南京大虐殺・無差別爆撃訴訟 Lawsuit by Victims of Unit 731, Nanjing Massacre, Indiscriminate Air Raids"
"川上詩朗 Kawakami Shiro","731部隊・南京大虐殺・無差別爆撃訴訟 Lawsuit by Victims of Unit 731, Nanjing Massacre, Indiscriminate Air Raids"
"及川信夫 Oikawa Nobuo","平頂山事件訴訟 Ping Ding Shan Massacre Lawsuit"
"及川信夫 Oikawa Nobuo","旧日本軍遺棄毒ガス一次訴訟 Lawsuit on Abadoned Chemical Weapon in China by Japanese Military"
"兵頭進 Hyodo Susumu","旧日本軍遺棄毒ガス一次訴訟 Lawsuit on Abadoned Chemical Weapon in China by Japanese Military"
"兵頭進 Hyodo Susumu","平頂山事件訴訟 Ping Ding Shan Massacre Lawsuit"
"穂積剛 Hotsumi Takeshi","中国人強制連行群馬訴訟（月夜野訴訟）Gunma Lawsuit by Chinese Forced Laborers (Tsukiyono Lawsuit)"
"穂積剛 Hotsumi Takeshi","平頂山事件訴訟 Ping Ding Shan Massacre Lawsuit"
"川上詩朗 Kawakami Shiro","平頂山事件訴訟 Ping Ding Shan Massacre Lawsuit"
"杉浦ひとみ Sugiura Hitomi","海南島戦時性暴力被害者名誉回復等請求訴訟 Lawsuit by victims of military sexual violence in Hainan for restitution etc."
"坂本博之 Sakamoto Hiroyuki","平頂山事件訴訟 Ping Ding Shan Massacre Lawsuit"
"大江京子 Oe Kyoko","平頂山事件訴訟 Ping Ding Shan Massacre Lawsuit"
"高和直司 Kowa Tadashi","平頂山事件訴訟 Ping Ding Shan Massacre Lawsuit"
"高和直司 Kowa Tadashi","三菱名古屋･朝鮮女子勤労挺身隊訴訟 Lawsuit by Korean Women Volunteer Corp against Mitsubishi Nagoya"
"高和直司 Kowa Tadashi","旧日本軍遺棄毒ガス一次訴訟 Lawsuit on Abadoned Chemical Weapon in China by Japanese Military"
"大江京子 Oe Kyoko","旧日本軍遺棄毒ガス一次訴訟 Lawsuit on Abadoned Chemical Weapon in China by Japanese Military"
"岡本理香 Okamoto Rika","シベリア抑留元日本兵謝罪・損害賠償請求訴訟（呉雄根・小熊謙二） Lawsuit by Former Japanese Soldiers Detained in Siberia for Apology and Reparation"
"笹本潤 Sasamoto Jun","旧日本軍遺棄毒ガス一次訴訟 Lawsuit on Abadoned Chemical Weapon in China by Japanese Military"
"山森良一 Yamamori Ryoichi","旧日本軍遺棄毒ガス一次訴訟 Lawsuit on Abadoned Chemical Weapon in China by Japanese Military"
"藤澤整 Fujisawa Sei","旧日本軍遺棄毒ガス一次訴訟 Lawsuit on Abadoned Chemical Weapon in China by Japanese Military"
"犀川治 Saikawa Osamu","旧日本軍遺棄毒ガス一次訴訟 Lawsuit on Abadoned Chemical Weapon in China by Japanese Military"
"栄枝明典 Sakaeda Akinori","旧日本軍遺棄毒ガス一次訴訟 Lawsuit on Abadoned Chemical Weapon in China by Japanese Military"
"杉山繁二郎 Sugiyama Shigejiro","東京麻糸紡績沼津工場朝鮮人女子勤労挺身隊訴訟 Lawsuit by the Korean Womens Teishintai Volunteer Corp at Ashi Spinners Numazu Factory Tokyo"
"塩沢忠和 Shiozawa Tadakazu","東京麻糸紡績沼津工場朝鮮人女子勤労挺身隊訴訟 Lawsuit by the Korean Womens Teishintai Volunteer Corp at Ashi Spinners Numazu Factory Tokyo"
"森下文雄 Morishita Fumio","東京麻糸紡績沼津工場朝鮮人女子勤労挺身隊訴訟 Lawsuit by the Korean Womens Teishintai Volunteer Corp at Ashi Spinners Numazu Factory Tokyo"
"萩原繁之 Hagiwara Shigeyuki","東京麻糸紡績沼津工場朝鮮人女子勤労挺身隊訴訟 Lawsuit by the Korean Womens Teishintai Volunteer Corp at Ashi Spinners Numazu Factory Tokyo"
"久保田和之 Kubota Kazuyuki","東京麻糸紡績沼津工場朝鮮人女子勤労挺身隊訴訟 Lawsuit by the Korean Womens Teishintai Volunteer Corp at Ashi Spinners Numazu Factory Tokyo"
"大橋昭夫 Ohashi Akio","東京麻糸紡績沼津工場朝鮮人女子勤労挺身隊訴訟 Lawsuit by the Korean Womens Teishintai Volunteer Corp at Ashi Spinners Numazu Factory Tokyo"
"鬼束忠則 Onizuka Tadanori","731部隊細菌戦(浙江省･湖南省) 国家賠償請求訴訟 State Reparation Lawsuit for Unit 731 Victims in Zhejiang and Hunan Province"
"西村正春 Nishimura Masaharu","731部隊細菌戦(浙江省･湖南省) 国家賠償請求訴訟 State Reparation Lawsuit for Unit 731 Victims in Zhejiang and Hunan Province"
"椎野秀之 Shiino Hideyuki","731部隊細菌戦(浙江省･湖南省) 国家賠償請求訴訟 State Reparation Lawsuit for Unit 731 Victims in Zhejiang and Hunan Province"
"一瀬敬一郎 Ichinose Keiichiro","731部隊細菌戦(浙江省･湖南省) 国家賠償請求訴訟 State Reparation Lawsuit for Unit 731 Victims in Zhejiang and Hunan Province"
"土屋公献 Tsuchiya Koken","731部隊細菌戦(浙江省･湖南省) 国家賠償請求訴訟 State Reparation Lawsuit for Unit 731 Victims in Zhejiang and Hunan Province"
"萱野一樹 Kayano Kazuki","731部隊細菌戦(浙江省･湖南省) 国家賠償請求訴訟 State Reparation Lawsuit for Unit 731 Victims in Zhejiang and Hunan Province"
"土屋公献 Tsuchiya Koken","重慶大爆撃被害者国家賠償請求訴訟 State Reparation Lawsuit for Victims of Chongqing Air Raids"
"一瀬敬一郎 Ichinose Keiichiro","重慶大爆撃被害者国家賠償請求訴訟 State Reparation Lawsuit for Victims of Chongqing Air Raids"
"鬼束忠則 Onizuka Tadanori","重慶大爆撃被害者国家賠償請求訴訟 State Reparation Lawsuit for Victims of Chongqing Air Raids"
"西村正春 Nishimura Masaharu","重慶大爆撃被害者国家賠償請求訴訟 State Reparation Lawsuit for Victims of Chongqing Air Raids"
"萱野一樹 Kayano Kazuki","重慶大爆撃被害者国家賠償請求訴訟 State Reparation Lawsuit for Victims of Chongqing Air Raids"
"相馬弘昭 Soma Hiroaki","中国人強制連行長野訴訟 Nagano Lawsuit by Chinese Forced Laborers"
"松本健男 Matsumoto Takeo","日鉄大阪製鐵所元徴用工損害賠償請求訴訟 Lawsuit by forced Laborers against Nittetsu Osaka for Damage Reparation"
"金喜朝 Kin Yoshitomo","日鉄大阪製鐵所元徴用工損害賠償請求訴訟 Lawsuit by forced Laborers against Nittetsu Osaka for Damage Reparation"
"桜井健雄 Sakurai Takeo","日鉄大阪製鐵所元徴用工損害賠償請求訴訟 Lawsuit by forced Laborers against Nittetsu Osaka for Damage Reparation"
"山口格之 Yamaguchi Tadayuki","西松建設中国人強制連行・強制労働損害賠償請求訴訟 Lawsuit by Chinese forced laborers against Nishimatsu Construction for Damage Reparation"
"山田延廣 Yamada Nobuhiro","西松建設中国人強制連行・強制労働損害賠償請求訴訟 Lawsuit by Chinese forced laborers against Nishimatsu Construction for Damage Reparation"
"中島憲 Nakajima Ken","西松建設中国人強制連行・強制労働損害賠償請求訴訟 Lawsuit by Chinese forced laborers against Nishimatsu Construction for Damage Reparation"
"大槻純生 Otsuki Sumio","中国人強制連行京都訴訟（大江山訴訟）Lawsuit by Chinese Forced Laborers Taken to Oeyama, Kyoto"
"小川達雄 Ogawa Tatsuo","中国人強制連行京都訴訟（大江山訴訟）Lawsuit by Chinese Forced Laborers Taken to Oeyama, Kyoto"
"莇立明 Azami Tatsuaki","中国人強制連行京都訴訟（大江山訴訟）Lawsuit by Chinese Forced Laborers Taken to Oeyama, Kyoto"
"石川元也 Ishikawa Motoya","中国人強制連行京都訴訟（大江山訴訟）Lawsuit by Chinese Forced Laborers Taken to Oeyama, Kyoto"
"植松繁一 Uematsu Shigekatsu","中国人強制連行京都訴訟（大江山訴訟）Lawsuit by Chinese Forced Laborers Taken to Oeyama, Kyoto"
"金井塚康弘 Kanaitsuka Yasuhiro","在韓被爆者健康管理手当受給権者地位確認訴訟 Lawsuit to ascertain the rights of Korean Hibakusha reciever of health benefit"
"小田幸児 Oda Koji","在韓被爆者健康管理手当受給権者地位確認訴訟 Lawsuit to ascertain the rights of Korean Hibakusha reciever of health benefit"
"太田健義 Ota Takeyoshi","在韓被爆者健康管理手当受給権者地位確認訴訟 Lawsuit to ascertain the rights of Korean Hibakusha reciever of health benefit"
"安由美 An Yumi","在韓被爆者健康管理手当受給権者地位確認訴訟 Lawsuit to ascertain the rights of Korean Hibakusha reciever of health benefit"
"新井邦弘 Arai Daisuke","在韓被爆者健康管理手当受給権者地位確認訴訟 Lawsuit to ascertain the rights of Korean Hibakusha reciever of health benefit"
"永嶋靖久 Nagashima Yasuhisa","在韓被爆者健康管理手当受給権者地位確認訴訟 Lawsuit to ascertain the rights of Korean Hibakusha reciever of health benefit"
"永嶋靖久 Nagashima Yasuhisa","在韓被爆者医療費請求大阪訴訟 Osaka lawsuit for medical expense of Korean Hibakusha"
"永嶋靖久 Nagashima Yasuhisa","在韓被爆者健康手帳・健康管理手当却下処分取消訴訟 Lawsuit to reverse the dismissal of request by Korean Hibakusha for health benefit and account"
"永嶋靖久 Nagashima Yasuhisa","在韓被爆者葬祭料支給却下取消・損害賠償請求訴訟 Lawsuit to reverse the cancellation of payment for the funeral expense of Korean Hibakusha"
"永嶋靖久 Nagashima Yasuhisa","在韓被爆者李在錫健康管理手当受給権者地位確認訴訟 Lawsuit to ascertain the right of Korean Hibakusha Lee Jae-seok to receive health benefit"
"小田幸児 Oda Koji","在韓被爆者李在錫健康管理手当受給権者地位確認訴訟 Lawsuit to ascertain the right of Korean Hibakusha Lee Jae-seok to receive health benefit"
"金井塚康弘 Kanaitsuka Yasuhiro","在韓被爆者健康手帳・健康管理手当却下処分取消訴訟 Lawsuit to reverse the dismissal of request by Korean Hibakusha for health benefit and account"
"金井塚康弘 Kanaitsuka Yasuhiro","在韓被爆者李在錫健康管理手当受給権者地位確認訴訟 Lawsuit to ascertain the right of Korean Hibakusha Lee Jae-seok to receive health benefit"
"新井邦弘 Arai Daisuke","在韓被爆者李在錫健康管理手当受給権者地位確認訴訟 Lawsuit to ascertain the right of Korean Hibakusha Lee Jae-seok to receive health benefit"
"安由美 An Yumi","在韓被爆者李在錫健康管理手当受給権者地位確認訴訟 Lawsuit to ascertain the right of Korean Hibakusha Lee Jae-seok to receive health benefit"
"太田健義 Ota Takeyoshi","在韓被爆者健康手帳・健康管理手当却下処分取消訴訟 Lawsuit to reverse the dismissal of request by Korean Hibakusha for health benefit and account"
"太田健義 Ota Takeyoshi","在韓被爆者李在錫健康管理手当受給権者地位確認訴訟 Lawsuit to ascertain the right of Korean Hibakusha Lee Jae-seok to receive health benefit"
"黒岩海映 Kuroi Wamihae","中国人性暴力被害者謝罪損害賠償請求事件（山西省） Lawsuit by Shanxi Chinese Victims of Military Sexual Violence for Apology and Reparation"
"中村晶子 Nakamura Akiko","中国人性暴力被害者謝罪損害賠償請求事件（山西省） Lawsuit by Shanxi Chinese Victims of Military Sexual Violence for Apology and Reparation"
"浅井淳郎 Asai Junro","三菱名古屋･朝鮮女子勤労挺身隊訴訟 Lawsuit by Korean Women Volunteer Corp against Mitsubishi Nagoya"
"名嶋聰郎 Najima Akio","三菱名古屋･朝鮮女子勤労挺身隊訴訟 Lawsuit by Korean Women Volunteer Corp against Mitsubishi Nagoya"
"森弘典 Mori Hironori","三菱名古屋･朝鮮女子勤労挺身隊訴訟 Lawsuit by Korean Women Volunteer Corp against Mitsubishi Nagoya"
"村上満宏 Murakami Michihiro","三菱名古屋･朝鮮女子勤労挺身隊訴訟 Lawsuit by Korean Women Volunteer Corp against Mitsubishi Nagoya"
"西野泰夫 Nishino Yasuo","三菱名古屋･朝鮮女子勤労挺身隊訴訟 Lawsuit by Korean Women Volunteer Corp against Mitsubishi Nagoya"
"田巻紘子 Tamaki Hiroko","三菱名古屋･朝鮮女子勤労挺身隊訴訟 Lawsuit by Korean Women Volunteer Corp against Mitsubishi Nagoya"
"長谷川一裕 Hasegawa Kazuhiro","三菱名古屋･朝鮮女子勤労挺身隊訴訟 Lawsuit by Korean Women Volunteer Corp against Mitsubishi Nagoya"
"石川智太郎 Ishikawa Tomotaro","三菱名古屋･朝鮮女子勤労挺身隊訴訟 Lawsuit by Korean Women Volunteer Corp against Mitsubishi Nagoya"
"高木輝雄 Takagi Teruo","三菱名古屋･朝鮮女子勤労挺身隊訴訟 Lawsuit by Korean Women Volunteer Corp against Mitsubishi Nagoya"
"山田麻登 Yamada Asato","三菱名古屋･朝鮮女子勤労挺身隊訴訟 Lawsuit by Korean Women Volunteer Corp against Mitsubishi Nagoya"
"中谷雄二 Nakatani Yuji","三菱名古屋･朝鮮女子勤労挺身隊訴訟 Lawsuit by Korean Women Volunteer Corp against Mitsubishi Nagoya"
"内河惠一 Uchikawa Yoshikazu","三菱名古屋･朝鮮女子勤労挺身隊訴訟 Lawsuit by Korean Women Volunteer Corp against Mitsubishi Nagoya"
"宮田陸奥男 Miyata Mutsuo","三菱名古屋･朝鮮女子勤労挺身隊訴訟 Lawsuit by Korean Women Volunteer Corp against Mitsubishi Nagoya"
"渥美裕資 Atsumi Hiroshi","三菱名古屋･朝鮮女子勤労挺身隊訴訟 Lawsuit by Korean Women Volunteer Corp against Mitsubishi Nagoya"
"伊藤大介 Ito Daisuke","三菱名古屋･朝鮮女子勤労挺身隊訴訟 Lawsuit by Korean Women Volunteer Corp against Mitsubishi Nagoya"
"藤井浩一 Fujii Koichi","三菱名古屋･朝鮮女子勤労挺身隊訴訟 Lawsuit by Korean Women Volunteer Corp against Mitsubishi Nagoya"
"広田繁雄 Hiroda Shigeo","中国人強制連行群馬訴訟（月夜野訴訟）Gunma Lawsuit by Chinese Forced Laborers (Tsukiyono Lawsuit)"
"笠松未季 Kasamatsu Miki","台湾人元「慰安婦」損害賠償・謝罪請求訴訟 Lawsuit by former Taiwanese 'comfort women' for apology and reparation"
"中川瑞代 Nakagawa Mizuyo","台湾人元「慰安婦」損害賠償・謝罪請求訴訟 Lawsuit by former Taiwanese 'comfort women' for apology and reparation"
"池田利子 Ikeda Toshiko","台湾人元「慰安婦」損害賠償・謝罪請求訴訟 Lawsuit by former Taiwanese 'comfort women' for apology and reparation"
"小野美奈子 Ono Minako","台湾人元「慰安婦」損害賠償・謝罪請求訴訟 Lawsuit by former Taiwanese 'comfort women' for apology and reparation"
"清水由規子 Shimizu Yukiko","台湾人元「慰安婦」損害賠償・謝罪請求訴訟 Lawsuit by former Taiwanese 'comfort women' for apology and reparation"
"鈴木啓文 Suzuki Hirobumi","台湾人元「慰安婦」損害賠償・謝罪請求訴訟 Lawsuit by former Taiwanese 'comfort women' for apology and reparation"
"番敦子 Ban Atsuko","台湾人元「慰安婦」損害賠償・謝罪請求訴訟 Lawsuit by former Taiwanese 'comfort women' for apology and reparation"
"清野春彦 Seino Haruhiko","中国人強制違行・強制労働新潟訴訟 Niigata Lawsuit by Chinese Forced Laborers"
"工藤和雄 Kudo Kazuo","中国人強制違行・強制労働新潟訴訟 Niigata Lawsuit by Chinese Forced Laborers"
"土屋俊幸 Tsuchiya Toshiyuki","中国人強制違行・強制労働新潟訴訟 Niigata Lawsuit by Chinese Forced Laborers"
"斎藤裕 Saito Yutaka","中国人強制違行・強制労働新潟訴訟 Niigata Lawsuit by Chinese Forced Laborers"
"近藤正道 Kondo Masamichi","中国人強制違行・強制労働新潟訴訟 Niigata Lawsuit by Chinese Forced Laborers"
"川村正敏 Kawamura Masatoshi","中国人強制違行・強制労働新潟訴訟 Niigata Lawsuit by Chinese Forced Laborers"
"金子修 Kaneko Osamu","中国人強制違行・強制労働新潟訴訟 Niigata Lawsuit by Chinese Forced Laborers"
"近藤明彦 Kondo Akihiko","中国人強制違行・強制労働新潟訴訟 Niigata Lawsuit by Chinese Forced Laborers"
"高島章 Takashima Akira","中国人強制違行・強制労働新潟訴訟 Niigata Lawsuit by Chinese Forced Laborers"
"味岡申宰 Ajioka Shinsai","中国人強制違行・強制労働新潟訴訟 Niigata Lawsuit by Chinese Forced Laborers"
"大澤理尋 Osawa Michihiro","中国人強制違行・強制労働新潟訴訟 Niigata Lawsuit by Chinese Forced Laborers"
"小川和男 Ogawa Kazuo","中国人強制違行・強制労働新潟訴訟 Niigata Lawsuit by Chinese Forced Laborers"
"板垣剛 Itagaki Katashi","中国人強制違行・強制労働新潟訴訟 Niigata Lawsuit by Chinese Forced Laborers"
"今井敬彌 Imai Keiya","中国人強制違行・強制労働新潟訴訟 Niigata Lawsuit by Chinese Forced Laborers"
"川上耕 Kawakami Ko","中国人強制違行・強制労働新潟訴訟 Niigata Lawsuit by Chinese Forced Laborers"
"足立定夫 Adachi Sadao","中国人強制違行・強制労働新潟訴訟 Niigata Lawsuit by Chinese Forced Laborers"
"栃倉光 Tochikura Akira","中国人強制違行・強制労働新潟訴訟 Niigata Lawsuit by Chinese Forced Laborers"
"中村周而 Nakamura Shuji","中国人強制違行・強制労働新潟訴訟 Niigata Lawsuit by Chinese Forced Laborers"
"松井道夫 Matsui Michio","中国人強制違行・強制労働新潟訴訟 Niigata Lawsuit by Chinese Forced Laborers"
"中村洋二郎 Nakamura Yojiro","中国人強制違行・強制労働新潟訴訟 Niigata Lawsuit by Chinese Forced Laborers"
"田代博之 Tashiro Hiroyuki","重慶大爆撃被害者国家賠償請求訴訟 State Reparation Lawsuit for Victims of Chongqing Air Raids"
"中山武敏 Nakayama Taketoshi","重慶大爆撃被害者国家賠償請求訴訟 State Reparation Lawsuit for Victims of Chongqing Air Raids"
"立木豊 Tachiki Yutaka","中国人強制連行福岡一次訴訟 First Fukuoka Lawsuit by Chinese Forced Laborers"
"甲能新児 Kono Shinji","中国人強制連行福岡一次訴訟 First Fukuoka Lawsuit by Chinese Forced Laborers"
"岩城邦治 Iwakuni Kuniharu","中国人強制連行福岡一次訴訟 First Fukuoka Lawsuit by Chinese Forced Laborers"
"池永満 Ikenaga Mitsuru","中国人強制連行福岡一次訴訟 First Fukuoka Lawsuit by Chinese Forced Laborers"
"井下顕 Inoshita Akira","中国人強制連行福岡一次訴訟 First Fukuoka Lawsuit by Chinese Forced Laborers"
"西村尚志 Nishimura Naoshi","中国人強制連行福岡一次訴訟 First Fukuoka Lawsuit by Chinese Forced Laborers"
"稲村晴夫 Inamura Haruo","中国人強制連行福岡一次訴訟 First Fukuoka Lawsuit by Chinese Forced Laborers"
"秋月慎一 Akitsuki Shinichi","中国人強制連行福岡一次訴訟 First Fukuoka Lawsuit by Chinese Forced Laborers"
"中村博則 Nakamura Hironori","中国人強制連行福岡一次訴訟 First Fukuoka Lawsuit by Chinese Forced Laborers"
"松岡肇 Matsuoka Hajime","中国人強制連行福岡一次訴訟 First Fukuoka Lawsuit by Chinese Forced Laborers"
"小野山裕司 Onoyama Yuji","中国人強制連行福岡一次訴訟 First Fukuoka Lawsuit by Chinese Forced Laborers"
"立木豊 Tachiki Yutaka","中国人強制連行福岡二陣訴訟 Second Fukuoka Lawsuit by Chinese Forced Laborers"
"松岡肇 Matsuoka Hajime","中国人強制連行福岡二陣訴訟 Second Fukuoka Lawsuit by Chinese Forced Laborers"
"小野山裕司 Onoyama Yuji","中国人強制連行福岡二陣訴訟 Second Fukuoka Lawsuit by Chinese Forced Laborers"
"岩城邦治 Iwakuni Kuniharu","中国人強制連行福岡二陣訴訟 Second Fukuoka Lawsuit by Chinese Forced Laborers"
"池永満 Ikenaga Mitsuru","中国人強制連行福岡二陣訴訟 Second Fukuoka Lawsuit by Chinese Forced Laborers"
"稲村晴夫 Inamura Haruo","中国人強制連行福岡二陣訴訟 Second Fukuoka Lawsuit by Chinese Forced Laborers"
"井下顕 Inoshita Akira","中国人強制連行福岡二陣訴訟 Second Fukuoka Lawsuit by Chinese Forced Laborers"
"秋月慎一 Akitsuki Shinichi","中国人強制連行福岡二陣訴訟 Second Fukuoka Lawsuit by Chinese Forced Laborers"
"甲能新児 Kono Shinji","中国人強制連行福岡二陣訴訟 Second Fukuoka Lawsuit by Chinese Forced Laborers"
"中村博則 Nakamura Hironori","中国人強制連行福岡二陣訴訟 Second Fukuoka Lawsuit by Chinese Forced Laborers"
"西村尚志 Nishimura Naoshi","中国人強制連行福岡二陣訴訟 Second Fukuoka Lawsuit by Chinese Forced Laborers"
"古川美 Furukawa Yoshimi","韓国元軍人･軍属･遺族靖国合祀絶止･遺骨返還･謝罪･補償請求訴訟 Lawsuit by Korean former Japanese soldiers, military affiliates and bereaved against Yasukuni Shrine for end of enshrinement, return of remains, apology, and reparation"
"殷勇基 Eun Yong-gi","韓国元軍人･軍属･遺族靖国合祀絶止･遺骨返還･謝罪･補償請求訴訟 Lawsuit by Korean former Japanese soldiers, military affiliates and bereaved against Yasukuni Shrine for end of enshrinement, return of remains, apology, and reparation"
"依田公一 Yoda Koichi","海南島戦時性暴力被害者名誉回復等請求訴訟 Lawsuit by victims of military sexual violence in Hainan for restitution etc."
"土生照子 Habu Teruko","海南島戦時性暴力被害者名誉回復等請求訴訟 Lawsuit by victims of military sexual violence in Hainan for restitution etc."
"圷由美子 Akutsu Yumiko","海南島戦時性暴力被害者名誉回復等請求訴訟 Lawsuit by victims of military sexual violence in Hainan for restitution etc."
"後藤玲子 Goto Reiko","重慶大爆撃被害者国家賠償請求訴訟 State Reparation Lawsuit for Victims of Chongqing Air Raids"
"後藤富和 Goto Tomikazu","中国人強制連行福岡二陣訴訟 Second Fukuoka Lawsuit by Chinese Forced Laborers"
"赤沼康弘 Akanuma Yasuhiro","韓国・ハンセン病補償請求棄却処分取消訴訟 Lawsuit for the reversal of the dismissal of reparation claims by Korean Hansen disease patients"
"伊藤克之 Ito Katsuyuki","韓国・ハンセン病補償請求棄却処分取消訴訟 Lawsuit for the reversal of the dismissal of reparation claims by Korean Hansen disease patients"
"徳田靖之 Tokuda Yasuyuki","韓国・ハンセン病補償請求棄却処分取消訴訟 Lawsuit for the reversal of the dismissal of reparation claims by Korean Hansen disease patients"
"鮎京眞知子 Ayukyo Machiko","韓国・ハンセン病補償請求棄却処分取消訴訟 Lawsuit for the reversal of the dismissal of reparation claims by Korean Hansen disease patients"
"上野格 Ueno Itaru","韓国・ハンセン病補償請求棄却処分取消訴訟 Lawsuit for the reversal of the dismissal of reparation claims by Korean Hansen disease patients"
"鈴木敦士 Suzuki Atsushi","韓国・ハンセン病補償請求棄却処分取消訴訟 Lawsuit for the reversal of the dismissal of reparation claims by Korean Hansen disease patients"
"田部知江子 Tabe Chieko","韓国・ハンセン病補償請求棄却処分取消訴訟 Lawsuit for the reversal of the dismissal of reparation claims by Korean Hansen disease patients"
"国宗直子 Kunimune Naoko","韓国・ハンセン病補償請求棄却処分取消訴訟 Lawsuit for the reversal of the dismissal of reparation claims by Korean Hansen disease patients"
"徳田靖之 Tokuda Yasuyuki","台湾・ハンセン病補償請求棄却処分取消訴訟 Lawsuit for the reversal of the dismissal of reparation claims by Taiwanese Hansen disease patients"
"国宗直子 Kunimune Naoko","台湾・ハンセン病補償請求棄却処分取消訴訟 Lawsuit for the reversal of the dismissal of reparation claims by Taiwanese Hansen disease patients"
"鈴木敦士 Suzuki Atsushi","台湾・ハンセン病補償請求棄却処分取消訴訟 Lawsuit for the reversal of the dismissal of reparation claims by Taiwanese Hansen disease patients"
"田部知江子 Tabe Chieko","台湾・ハンセン病補償請求棄却処分取消訴訟 Lawsuit for the reversal of the dismissal of reparation claims by Taiwanese Hansen disease patients"
"赤沼康弘 Akanuma Yasuhiro","台湾・ハンセン病補償請求棄却処分取消訴訟 Lawsuit for the reversal of the dismissal of reparation claims by Taiwanese Hansen disease patients"
"鮎京眞知子 Ayukyo Machiko","台湾・ハンセン病補償請求棄却処分取消訴訟 Lawsuit for the reversal of the dismissal of reparation claims by Taiwanese Hansen disease patients"
"伊藤克之 Ito Katsuyuki","台湾・ハンセン病補償請求棄却処分取消訴訟 Lawsuit for the reversal of the dismissal of reparation claims by Taiwanese Hansen disease patients"
"上野格 Ueno Itaru","台湾・ハンセン病補償請求棄却処分取消訴訟 Lawsuit for the reversal of the dismissal of reparation claims by Taiwanese Hansen disease patients"
"二木克明 Futatsugi Katsuaki","不二越二つ次訴訟 Second Lawsuit against Nachi-Fujikoshi Corp"
"加藤喜一 Kato Kiichi","不二越二つ次訴訟 Second Lawsuit against Nachi-Fujikoshi Corp"
"浮田美穂 Ukida Miho","不二越二つ次訴訟 Second Lawsuit against Nachi-Fujikoshi Corp"
"川本蔵石 Kawamoto Kuraishi","不二越二つ次訴訟 Second Lawsuit against Nachi-Fujikoshi Corp"
"橋本明夫 Hashimoto Akio","不二越二つ次訴訟 Second Lawsuit against Nachi-Fujikoshi Corp"
"中村正紀 Nakamura Masanori","不二越二つ次訴訟 Second Lawsuit against Nachi-Fujikoshi Corp"
"吉川健司 Yoshikawa Kenji","不二越二つ次訴訟 Second Lawsuit against Nachi-Fujikoshi Corp"
"島田広 Shimada Hiroshi","不二越二つ次訴訟 Second Lawsuit against Nachi-Fujikoshi Corp"
"菊賢一 Kiku Kenichi","不二越二つ次訴訟 Second Lawsuit against Nachi-Fujikoshi Corp"
"松山悦子 Matsuyama Etsuko","不二越二つ次訴訟 Second Lawsuit against Nachi-Fujikoshi Corp"
"前川直善 Maekawa Naoyoshi","不二越二つ次訴訟 Second Lawsuit against Nachi-Fujikoshi Corp"
"野村侃靭 Nomura Sunaoyuki","不二越二つ次訴訟 Second Lawsuit against Nachi-Fujikoshi Corp"
"菅野昭夫 Sugeno Akio","不二越二つ次訴訟 Second Lawsuit against Nachi-Fujikoshi Corp"
"村上一也 Murakami Kazuya","重慶大爆撃被害者国家賠償請求訴訟 State Reparation Lawsuit for Victims of Chongqing Air Raids"
"西田隆二 Nishida Ryuji","中国人強制連行宮崎訴訟 Miyazaki Lawsuit by Chinese Forced Laborers"
"松田幸子 Matsuda Sachiko","中国人強制連行宮崎訴訟 Miyazaki Lawsuit by Chinese Forced Laborers"
"崔信義 Choi Shin-i","在韓被爆者葬祭料支給却下取消・損害賠償請求訴訟 Lawsuit to reverse the cancellation of payment for the funeral expense of Korean Hibakusha"
"崔信義 Choi Shin-i","在韓被爆者医療費請求大阪訴訟 Osaka lawsuit for medical expense of Korean Hibakusha"
"上杉崇子 Uesugi Takako","重慶大爆撃被害者国家賠償請求訴訟 State Reparation Lawsuit for Victims of Chongqing Air Raids"
"吉田哲也 Yoshida Tetsuya","重慶大爆撃被害者国家賠償請求訴訟 State Reparation Lawsuit for Victims of Chongqing Air Raids"
"葉山岳夫 Hayama Takeo","重慶大爆撃被害者国家賠償請求訴訟 State Reparation Lawsuit for Victims of Chongqing Air Raids"
"小野坂弘 Onosaka Hiroshi","重慶大爆撃被害者国家賠償請求訴訟 State Reparation Lawsuit for Victims of Chongqing Air Raids"
"古本晴英 Furumoto Haruhide","日韓会談文書公開訴訟１次訴訟 First Lawsuit for opening the archival documents on Japan-Korean negotiation"
"張界満 Chan Geman","日韓会談文書公開訴訟１次訴訟 First Lawsuit for opening the archival documents on Japan-Korean negotiation"
"二関辰郎 Ninoseki Tatsuro","日韓会談文書公開訴訟１次訴訟 First Lawsuit for opening the archival documents on Japan-Korean negotiation"
"小町谷育子 Komachiya Ikuko","日韓会談文書公開訴訟１次訴訟 First Lawsuit for opening the archival documents on Japan-Korean negotiation"
"魚住昭三 Uozumi Shozo","日韓会談文書公開訴訟１次訴訟 First Lawsuit for opening the archival documents on Japan-Korean negotiation"
"二関辰郎 Ninoseki Tatsuro","日韓会談文書公開訴訟3次訴訟 Third Lawsuit for opening the archival documents on Japan-Korean negotiation"
"二関辰郎 Ninoseki Tatsuro","日韓会談文書公開訴訟2次訴訟 Second Lawsuit for opening the archival documents on Japan-Korean negotiation"
"小町谷育子 Komachiya Ikuko","日韓会談文書公開訴訟3次訴訟 Third Lawsuit for opening the archival documents on Japan-Korean negotiation"
"小町谷育子 Komachiya Ikuko","日韓会談文書公開訴訟2次訴訟 Second Lawsuit for opening the archival documents on Japan-Korean negotiation"
"魚住昭三 Uozumi Shozo","日韓会談文書公開訴訟3次訴訟 Third Lawsuit for opening the archival documents on Japan-Korean negotiation"
"魚住昭三 Uozumi Shozo","日韓会談文書公開訴訟2次訴訟 Second Lawsuit for opening the archival documents on Japan-Korean negotiation"
"古本晴英 Furumoto Haruhide","日韓会談文書公開訴訟3次訴訟 Third Lawsuit for opening the archival documents on Japan-Korean negotiation"
"古本晴英 Furumoto Haruhide","日韓会談文書公開訴訟2次訴訟 Second Lawsuit for opening the archival documents on Japan-Korean negotiation"
"張界満 Chan Geman","日韓会談文書公開訴訟3次訴訟 Third Lawsuit for opening the archival documents on Japan-Korean negotiation"
"張界満 Chan Geman","日韓会談文書公開訴訟2次訴訟 Second Lawsuit for opening the archival documents on Japan-Korean negotiation"
"星正秀 Hoshi Masahide","サハリン残留韓国人郵便貯金返還訴訟 Lawsuit by Sakhalin Koreans for repayment of postal savings"
"升味佐江子 Masumi Saeko","サハリン残留韓国人郵便貯金返還訴訟 Lawsuit by Sakhalin Koreans for repayment of postal savings"
"山本和人 Yamamoto Kazuto","在韓被爆者鄭南壽手帳申請却下処分取消等訴訟 Lawsuit to reverse the dismissal of application of health benefit account by Korean Hibakusha Jeung Nan-su"
"中鋪美香 Nakashiki Mika","被爆者健康手帳交付申請却下処分取消訴訟 Lawsuit to reverse the dismissal of health benefit account application by Korean Hibakusha"