"highFile","highRule","localFile","localRule","origin","plaintiff","residence","summaryFile","summaryRule","supremeFile","supremeRule","title"
"undefined","undefined","1991-07-15","1999-03-26","Korean","韓国人（堤岩里虐殺事件被害者遺族）","undefined","undefined","undefined","undefined","undefined","堤岩里訴訟 Tiam-ri Massacre Lawsuit"
"1995-08-09","1996-08-07","1991-08-17","1995-07-27","Korean","韓国人（上敷香事件被害者遺族）","undefined","undefined","undefined","undefined","undefined","サハリン上敷香事件訴訟 Sakhalin Kamishisuka MassacreLawsuit"
"1997-05-29","1999-04-06","1991-09-30","1997-05-26","Korean","韓国人元徴用工","undefined","undefined","undefined","undefined","undefined","日本鋼管損害賠償請求訴訟（金景錫裁判）NKK Damage (Kim Jingsi) Lawsuit"
"1980-01-01","undefined","1977-01-01","1980-03-25","Taiwanese","台湾人","undefined","undefined","undefined","undefined","undefined","国庫債券支払請求訴訟 Lawsuit for Payment of National Treasury Bonds"
"1996-09-19","1998-07-13","1991-11-12","1996-09-09","Korean","韓国人元BC級戦犯7名・刑死者遺族1名","undefined","undefined","undefined","1998-07-14","1999-12-20","韓国人ＢＣ級戦犯国家補償等請求訴訟 Korean Class BC war criminals national compensation claim lawsuit"
"1978-01-01","undefined","1973-01-01","1978-01-26","Taiwanese","台湾人","undefined","undefined","undefined","undefined","undefined","千代田生命生保支払請求訴訟 Payment Request Lawsuit Against Chiyoda Life Insurance"
"undefined","undefined","1975-12-01","1989-06-15","Korean","サハリン残留韓国人4名","undefined","undefined","undefined","undefined","undefined","サハリン残留者帰還請求訴訟 Sakhalin Stranded Lawsuit for Repatriation"
"1974-04-12","1975-07-07","1972-03-07","1974-03-30","Korean","韓国人被爆者","undefined","undefined","undefined","1975-07-31","1978-03-30","孫振斗手帳裁判 Son Chindo Notebook Lawsuit"
"undefined","undefined","1974-01-16","undefined","Zainichi","在日韓国人日本人6名","Zainichi","undefined","undefined","undefined","undefined","樺太抑留朝鮮人帰還請求訴訟 Sakhalin Korean Lawsuit for Repatriation"
"1980-01-01","1984-07-30","1977-01-01","1980-10-31","Taiwanese","台湾人","undefined","undefined","undefined","undefined","undefined","台湾人戦時貯蓄債券支払請求訴訟 Taiwanese Wartime Savings Bond Payment Lawsuit"
"1980-01-01","1982-04-27","1977-01-01","1980-11-17","Taiwanese","台湾人","undefined","undefined","undefined","undefined","undefined","台湾人軍票時価払戻請求訴訟 Lawsuit Demanding Refund of Market Value of Taiwanese Military Vouchers"
"1982-01-01","1985-08-26","1977-08-13","1982-02-26","Taiwanese","台湾人戦死者遺族 戦傷病者13名","undefined","undefined","undefined","1985-01-01","1992-04-28","台湾人元日本兵訴訟 Taiwanese Former Japanese Soldier Lawsuit"
"1977-01-01","1982-01-28","undefined","undefined","Taiwanese","台湾人","undefined","undefined","undefined","1978-01-01","1982-10-15","台湾人元軍属軍事郵便貯金時価支払請求訴訟 Lawsuit for payment of market value of Taiwanese ex-servicemens military postal savings"
"2001-01-01","2003-07-22","1991-12-06","2001-03-26","Korean","韓国人元「慰安婦」・軍人軍属、遺族40名","undefined","undefined","undefined","2003-01-01","2004-11-29","アジア太平洋戦争韓国人犠牲者補償請求訴訟 Lawsuit for Compensation for Korean Victims of the Asia-Pacific War"
"undefined","undefined","1990-08-29","1995-07-14","Korean","サハリン残留韓国人21名","undefined","undefined","undefined","undefined","undefined","サハリン残留韓国人補償請求訴訟 Lawsuit for compensation for Korean residents left behind in Sakhalin"
"undefined","undefined","1990-10-29","undefined","Korean","韓国人強制動員被害者・遺族等22名","undefined","undefined","undefined","undefined","undefined","公式陳謝・賠償請求訴訟 Lawsuit for official apology and compensation for Korean forced laborers"
"1995-10-20","1999-09-10","1991-01-31","1995-10-11","Zainichi","在日韓国人戦傷者","Zainichi","undefined","undefined","1999-09-01","2001-04-13","鄭商根訴訟 Jeong Syanggen Lawsuit"
"1996-12-06","2002-03-28","1991-12-12","1996-11-22","Korean","韓国人元徴用工・軍人軍属・遺族24名","undefined","undefined","undefined","2002-01-01","2003-03-28","江原道遺族会訴訟 Gangwon Province Forced laborers Bereft Association Lawsuit"
"1997-12-09","1999-10-01","1992-07-21","1997-12-02","Korean","韓国人被爆徴用工","undefined","undefined","undefined","2002-01-01","2003-03-28","金順吉裁判 Kim Sonkil Lawsuit"
"1994-07-26","1998-09-29","1992-08-13","1994-07-15","Zainichi","在日韓国人戦傷者","Zainichi","undefined","undefined","1998-10-13","2001-04-05","石成基・陳石一訴訟  Si Cheongji  Cheon Sii Lawsuit"
"2001-09-03","1998-09-29","1992-08-25","2001-08-23","Korean","韓国人浮島丸乗船者・遺族","undefined","undefined","undefined","2003-06-13","2004-11-30","浮島丸訴訟 Ukishima-maru Lawsuit"
"1996-03-26","1999-08-30","1992-08-28","1996-03-25","Korean","韓国人植民地・戦争被害者369人","undefined","undefined","undefined","1998-10-13","2003-03-27","対日民族訴訟 Korean National Lawsuit against Japan"
"1996-08-06","1998-12-21","1992-03-10","1996-07-24","Korean","韓国人元女子勤労挺身隊員","undefined","undefined","undefined","1998-12-25","2000-07-11","不二越一次訴訟 First Lawsuit against Nachi-Fujikoshi Corp"
"1999-12-31","2001-02-06","1993-08-13","1999-06-17","Chinese","中国人（香港住民）","undefined","undefined","undefined","2001-02-28","2001-10-16","香港軍票補償請求訴訟 Hong Kong Military Ticket Compensation Claims Lawsuit"
"1998-07-06","2000-04-27","1992-11-15","1998-06-23","Korean","韓国人戦傷者","undefined","undefined","undefined","2000-01-01","2001-11-16","金成壽国家賠償請求訴訟 Kim Sung Soo Lawsuit for State Reparation"
"1999-12-31","2001-02-06","1993-08-26","1997-11-17","Zainichi","在日韓国人戦傷者","Zainichi","undefined","undefined","2001-02-28","2001-10-16","姜富中訴訟 Kang Pujeyong Lawsuit"
"1994-12-16","1995-12-16","1993-09-02","1994-12-05","Japan","東京都新宿区住民109名","undefined","undefined","undefined","1995-12-27","2000-12-19","人骨焼却差止住民訴訟 Lawsuit to Stop the burning of human remains in Shinjuku"
"1998-04-01","2000-02-23","1992-11-09","1998-02-27","Zainichi","在日韓国人シベリア抑留被害者","Zainichi","undefined","undefined","2000-12-31","2002-07-18","シベリア抑留在日韓国人恩給・慰労金訴訟（李昌錫）Lawsuit by Siberian Detained Zainichi Koreans against Japan for Benefits (Lee Chang-Sik)"
"1998-05-01","2001-03-29","1992-12-25","1998-04-27","Korean","韓国人元日本軍「慰安婦」・女子勤労挺身隊員","undefined","undefined","undefined","2001-04-12","2003-03-25","関釜裁判 Lawsuit by Pusan Comfort Women and Womens Labor Corps Members"
"1998-10-23","2000-12-06","1993-04-02","1998-10-09","Filipino","フィリピン人元「慰安婦」46名","undefined","undefined","undefined","2000-12-20","2003-12-25","フィリピン性奴隷国家補償請求事件 Philippine Sexual Slavery State Compensation Claims Case"
"1998-12-02","2001-10-11","1994-01-24","1998-11-30","Europe","オランダ人元捕虜・民間抑留者（強制労働・虐待・「慰安婦」被害者）8名","undefined","undefined","undefined","2001-10-31","2004-03-30","オランダ人元捕虜・民間抑留者訴訟 Lawsuits by Dutch former prisoners of war and civilian internees"
"1999-10-07","2000-11-30","1993-04-05","1999-10-01","Zainichi","在日韓国人元日本軍「慰安婦」","Zainichi","undefined","undefined","2000-12-12","2003-03-28","在日元「慰安婦」裁判（宋神道）Zainichi Former 'Comfort Women' Lawsuit (Son Shindo)"
"1998-12-21","1999-12-21","1993-06-30","1998-12-21","Korean","韓国人元軍人・軍属・強制動員被害者約1000名","undefined","undefined","undefined","undefined","2000-02-08","光州千人訴訟 Gwangju Thousand People Lawsuit"
"1998-08-04","1999-12-27","1995-01-18","1998-07-31","Korean","韓国人戦傷者","undefined","undefined","undefined","undefined","2001-11-16","金成壽恩給請求棄却処分取消請求訴訟 Lawsuit to reverse the dismissal of King Sung-su request for state benefit"
"1998-11-26","2002-03-27","1995-01-30","1998-11-26","Europe","イギリス・アメリカ・オーストラリア・ニュージーランド人元捕虜7名","undefined","undefined","undefined","2002-12-31","2004-03-30","連合軍捕虜等訴訟 Lawsuit by Allied POWs"
"1999-04-06","2000-05-25","1995-05-10","1999-03-24","Korean","韓国人元BC級戦犯・遺族8名","undefined","undefined","undefined","2000-12-31","2001-11-22","韓国人元ＢＣ級戦犯公式謝罪・国家補償請求訴訟 Korean Ex-BC Class War Criminals Lawsuit for Official Apology and National Compensation"
"1999-12-11","2000-11-29","1995-06-28","1997-12-10","Chinese","中国人花岡鉱山強制連行被害者11名","undefined","undefined","undefined","undefined","undefined","鹿島花岡鉱山中国人強制連行訴訟 Lawsuit by Chinese Forced Laborers at Kashima Hanaoka Mine"
"2003-12-31","2005-09-29","1995-09-22","2003-03-26","Korean","韓国人徴用被害者遺族11名","undefined","undefined","undefined","2005-12-31","2007-01-29","日本製鉄韓国人元徴用工損害賠償等請求訴訟 Korean Forced Laborers Reparation Lawsuit against Nippon Steel"
"1999-04-02","2005-01-19","1995-12-11","1999-03-25","Korean","韓国人徴用被爆者46名","undefined","undefined","undefined","2005-02-01","2007-11-01","三菱広島・元徴用工被爆者未払賃金等請求訴訟 Lawsuit against Mitsubishi Hiroshima for Unpaid Wages for Hibakusha Korean Forced Laborers"
"2006-10-05","2008-09-02","2005-06-15","2006-09-26","Korean","在韓被爆者2名","undefined","undefined","undefined","2005-02-01","2007-11-01","三菱・韓国人元徴用工被爆者手帳申請却下処分取消訴訟 Lawsuit to reverse the dismissal of Mitsubishi Korean forced laborers request to apply for Hibakusha health benefit account"
"2002-12-31","2005-03-18","1996-02-23","2002-03-29","Chinese","中国人元「慰安婦」2名","undefined","undefined","undefined","2005-12-31","2007-04-27","中国人「慰安婦」二次訴訟 Second Lawsuit of Chinese 'Comfort Women'"
"2001-06-12","2004-12-15","1995-08-07","2001-05-30","Chinese","中国人日本軍「慰安婦」被害者4名","undefined","undefined","undefined","2004-12-27","2007-04-27","中国人「慰安婦」一次訴訟 First Lawsuit by Chinese 'Comfort Women'"
"1999-12-31","2005-04-19","1995-08-07","1999-09-22","Chinese","中国人731部隊被害者遺族、南京虐殺事件負傷者、無差別爆撃負傷者","undefined","undefined","undefined","2005-12-31","2007-05-09","731部隊・南京大虐殺・無差別爆撃訴訟 Lawsuit by Victims of Unit 731, Nanjing Massacre, Indiscriminate Air Raids"
"2001-07-23","2005-06-13","1996-03-25","2001-07-12","Chinese","中国人強制連行・長期逃亡生活被害者","undefined","undefined","undefined","2005-06-27","2007-04-27","劉連仁訴訟 Lawsuit by Liu Lianren"
"2002-07-08","2005-05-13","1996-08-14","2002-06-28","Chinese","中国人平頂山虐殺事件遺族かつ負傷者3人","undefined","undefined","undefined","2005-05-31","2006-05-16","平頂山事件訴訟 Ping Ding Shan Massacre Lawsuit"
"2000-02-28","2000-08-31","1996-09-25","2000-02-09","Chinese","中国籍朝鮮人・日本人シベリア抑留被害者","undefined","undefined","undefined","2000-12-31","2002-03-08","シベリア抑留元日本兵謝罪・損害賠償請求訴訟（呉雄根・小熊謙二） Lawsuit by Former Japanese Soldiers Detained in Siberia for Apology and Reparation"
"2003-10-03","2007-07-18","1996-12-09","2003-09-29","Chinese","中国人遺棄毒ガス・砲弾事故死亡者遺族・負傷者","undefined","undefined","undefined","undefined","2009-05-26","旧日本軍遺棄毒ガス一次訴訟 Lawsuit on Abadoned Chemical Weapon in China by Japanese Military"
"2000-12-31","2002-01-15","1997-04-14","2000-01-27","Korean","韓国人女子勤労挺身隊被害者2名","undefined","undefined","undefined","2002-12-31","2003-03-27","東京麻糸紡績沼津工場朝鮮人女子勤労挺身隊訴訟 Lawsuit by the Korean Womens Teishintai Volunteer Corp at Ashi Spinners Numazu Factory Tokyo"
"2002-09-03","2005-07-19","1997-08-11","2002-08-27","Chinese","中国人細菌戦被害者・遺族180名","undefined","undefined","undefined","2005-07-20","2007-05-09","731部隊細菌戦(浙江省･湖南省) 国家賠償請求訴訟 State Reparation Lawsuit for Unit 731 Victims in Zhejiang and Hunan Province"
"2003-03-19","2006-03-16","1997-09-18","2003-03-11","Chinese","中国人強制連行・強制労働被害者42名","undefined","undefined","undefined","2006-03-31","2007-06-15","中国人強制連行東京第二次訴訟 Second Tokyo Lawsuit by Chinese Forced Laborers"
"2003-05-31","2007-03-13","1997-10-16","2003-05-15","Chinese","中国人遺棄毒ガス・砲弾事故負傷者5名","undefined","undefined","undefined","undefined","undefined","旧日本軍遺棄毒ガス・砲二次訴訟 Second Lawsuit on Abadoned Chemical Weapons in China by Japanese Military"
"undefined","undefined","1997-11-12","2003-01-29","Zainichi","undefined","Zainichi","undefined","undefined","undefined","undefined","在日台湾人遺族未払教員恩給支払請求訴訟  Lawsuit for Unpaid Wages of Zainichi Taiwanese Teacher by the Bereaved"
"2006-03-31","2009-09-17","1997-12-22","2006-03-10","Chinese","中国人強制連行・強制労働被害者、遺族7名","undefined","undefined","undefined","undefined","2011-02-24","中国人強制連行長野訴訟 Nagano Lawsuit by Chinese Forced Laborers"
"2001-12-31","2002-11-19","1997-12-24","2001-03-27","Korean","韓国人徴用被害者","undefined","undefined","undefined","2002-12-31","2003-10-09","日鉄大阪製鐵所元徴用工損害賠償請求訴訟 Lawsuit by forced Laborers against Nittetsu Osaka for Damage Reparation"
"2002-07-10","2004-07-09","1998-01-16","2002-07-09","Chinese","中国人強制連行・強制労働被害者5名","undefined","2009-10-27","2009-10-27","2004-07-09","2007-04-27","西松建設中国人強制連行・強制労働損害賠償請求訴訟 Lawsuit by Chinese forced laborers against Nishimatsu Construction for Damage Reparation"
"2001-12-31","2002-05-21","1998-05-07","2001-02-23","Taiwanese","元台湾人BC級戦犯","undefined","undefined","undefined","2002-12-31","2004-04-23","台湾出身元ＢＣ級戦犯損害賠償請求訴訟 Lawsuit for reparation by former Taiwanese Class BC War Criminals"
"2003-01-31","2004-09-29","1998-08-14","2003-01-15","Chinese","中国人強制連行・強制労働被害者6名","undefined","undefined","undefined","2006-12-31","2007-06-12","中国人強制連行京都訴訟（大江山訴訟）Lawsuit by Chinese Forced Laborers Taken to Oeyama, Kyoto"
"2001-06-15","2002-12-105","1998-10-01","2001-06-01","Korean","在韓被爆者","undefined","undefined","undefined","undefined","undefined","在韓被爆者健康管理手当受給権者地位確認訴訟 Lawsuit to ascertain the rights of Korean Hibakusha reciever of health benefit"
"2002-05-08","2005-03-31","1998-10-30","2003-04-24","Chinese","中国人戦時性暴力被害者・遺族10名","undefined","undefined","undefined","2003-04-31","2005-11-18","中国人性暴力被害者謝罪損害賠償請求事件（山西省） Lawsuit by Shanxi Chinese Victims of Military Sexual Violence for Apology and Reparation"
"2005-03-09","2007-05-21","1999-03-01","2005-02-24","Korean","韓国人女子勤労挺身隊（三菱名航）被害者6名、遺族1名","undefined","undefined","undefined","2007-06-31","2008-11-11","三菱名古屋･朝鮮女子勤労挺身隊訴訟 Lawsuit by Korean Women Volunteer Corp against Mitsubishi Nagoya"
"undefined","2001-04-25","1999-03-01","2000-12-08","Korean","韓国人","undefined","undefined","undefined","undefined","undefined","崔圭明日本生命の企業責任を問う裁判 Lawsuit by Choi Kyu-ming against Nippon Life for Corporate Responsibility"
"2002-01-08","2003-02-07","1999-05-31","2001-12-26","Korean","在韓被爆者","undefined","undefined","undefined","2003-02-17","2006-06-13","在韓被爆者李康寧健康管理手当受給権者地位確認訴訟 Lawsuit to ascertain the right of Korean Hibakusha Lee Kang-yeong to receive health benefit"
"2007-04-06","2008-10-20","2003-11-28","2007-03-27","Chinese","中国人強制連行・強制労働被害者、遺族","undefined","undefined","undefined","undefined","2009-12-24","中国人強制連行・強制労働・原爆被爆者、遺族損害賠償請求訴訟"
"2002-10-31","2004-02-09","1999-07-14","2002-10-15","Taiwanese","台湾人元「慰安婦」9名","undefined","undefined","undefined","2004-02-18","2005-02-25","台湾人元「慰安婦」損害賠償・謝罪請求訴訟 Lawsuit by former Taiwanese 'comfort women' for apology and reparation"
"2004-03-29","2007-03-14","1999-08-31","2004-03-26","Chinese","中国人強制連行・強制労働被害者9名、遺族2名","undefined","undefined","undefined","undefined","2008-07-04","中国人強制違行・強制労働新潟訴訟 Niigata Lawsuit by Chinese Forced Laborers"
"2004-04-01","2007-06-28","1999-09-01","2004-03-23","Chinese","中国人強制連行・強制労働被害者、遺族65名","undefined","undefined","undefined","undefined","2008-07-08","中国人強制連行北海道訴訟 Hokkaido Lawsuit by Chinese Forced Laborers"
"2002-05-31","2003-04-10","1999-09-17","2002-05-10","Chinese","中国人南京虐殺事件暴行被害者","undefined","undefined","undefined","2003-04-31","2005-01-21","李秀英南京大虐殺名誉毀損訴訟 Lawsuit by Li Xiuying for Defamation Damage about Nanjing Massacre"
"2004-10-31","2005-12-14","2000-04-27","2004-10-15","Korean","韓国人日本製鐵釜石製鉄所徴用工死亡者遺族4名","undefined","undefined","undefined","2005-12","2007-01-29","韓国人徴用工供託金返還請求第一次訴訟（日鉄釜石） First Lawsuit to retrieve deposits by Korean forced laborers at Nippon Steel Kamaishi Co."
"2002-04-26","2004-05-24","2000-05-10","2002-04-26","Chinese","中国人強制連行・強制労働被害者12名","undefined","undefined","undefined","2004-06-04","2007-04-27","中国人強制連行福岡一次訴訟 First Fukuoka Lawsuit by Chinese Forced Laborers"
"2006-12-31","2009-10-29","2001-06-29","2006-05-25","Korean","韓国人元軍人・軍属、遺族414名","undefined","undefined","undefined","undefined","2011-11-30","韓国元軍人･軍属･遺族靖国合祀絶止･遺骨返還･謝罪･補償請求訴訟 Lawsuit by Korean former Japanese soldiers, military affiliates and bereaved against Yasukuni Shrine for end of enshrinement, return of remains, apology, and reparation"
"2006-12-31","2009-03-26","2001-07-16","2006-08-30","Chinese","中国人性暴力被害者8名","undefined","undefined","undefined","undefined","2010-03-02","海南島戦時性暴力被害者名誉回復等請求訴訟 Lawsuit by victims of military sexual violence in Hainan for restitution etc."
"undefined","undefined","2001-10-03","2003-03-20","Korean","在韓被爆者","undefined","undefined","undefined","undefined","undefined","在韓被爆者李在錫健康管理手当受給権者地位確認訴訟 Lawsuit to ascertain the right of Korean Hibakusha Lee Jae-seok to receive health benefit"
"undefined","2006-04-25","2002-04-27","2004-12-27","Korean","韓国人日本製鐵釜石製鉄所徴用工死亡者遺族4名","undefined","undefined","undefined",2006,"2007-01-29","韓国人徴用工供託金返還請求第二次訴訟（日鉄釜石） Second Lawsuit to retrieve deposits by Korean forced laborers at Nippon Steel Kamaishi Co."
"undefined","2010-02-17","2002-05-27","2007-08-29","Chinese","中国人強制連行・強制労働被害者46名","undefined","undefined","undefined","undefined","2011-03-01","中国人強制連行群馬訴訟（月夜野訴訟）Gunma Lawsuit by Chinese Forced Laborers (Tsukiyono Lawsuit)"
"2006-04-11","2009-03-09","2003-02-28","2006-03-29","Chinese","中国人強制連行・強制労働被害者45名","undefined","undefined","undefined","2009-03-24","2009-12-24","中国人強制連行福岡二陣訴訟 Second Fukuoka Lawsuit by Chinese Forced Laborers"
"2005-10-26","2006-02-28","2003-03-23","2005-10-25","Korean","韓国人ハンセン病収容被害者","undefined","undefined","undefined","undefined","undefined","韓国・ハンセン病補償請求棄却処分取消訴訟 Lawsuit for the reversal of the dismissal of reparation claims by Korean Hansen disease patients"
"undefined","2010-03-08","2003-04-01","2007-09-19","Korean","韓国人元女子勤労挺身隊被害者、遺族28名","undefined","undefined","undefined","undefined","2011-10-24","不二越二つ次訴訟 Second Lawsuit against Nachi-Fujikoshi Corp"
"2004-10-07","2005-09-26","2004-02-22","2004-09-28","Korean","在韓被爆者","undefined","undefined","undefined","undefined","undefined","在韓被爆者健康管理手当受給停止処分取消訴訟(崔季澈裁判) Lawsuit for the reversal of the stoppage of health benefit for Korean Hibakusha (Choi Ji-chul Lawsuit)"
"undefined","2007-01-22","2004-05-22","2005-12-30","Korean","在韓被爆者遺族","undefined","undefined","undefined","undefined","2008-02-18","在韓被爆者健康管理手当支給訴訟(崔季澈) Lawsuit for back payment of Korean Hibakusha health benefit (Choi Ji-chul)"
"2007-03-26","2009-03-27","2004-08-10","2007-03-26","Chinese","中国人強制連行・強制労働被害者・遺族13名","undefined","undefined","undefined","undefined","2010-05-27","中国人強制連行宮崎訴訟 Miyazaki Lawsuit by Chinese Forced Laborers"
"undefined","undefined","2004-09-21","2006-02-21","Korean","在韓被爆者遺族2名","undefined","undefined","undefined","undefined","undefined","在韓被爆者葬祭料支給却下取消・損害賠償請求訴訟 Lawsuit to reverse the cancellation of payment for the funeral expense of Korean Hibakusha"
"undefined","2009-11-20","2004-12-17","2008-02-23","Chinese","中国人強制連行・強制労働被害者6名","undefined","undefined","undefined","undefined","2011-02-18","中国人強制連行山形･酒田訴訟 Yamagata Sakata Lawsuit by Chinese Forced Laborers"
"2005-11-08","2006-02-28","2004-12-17","2005-10-25","Taiwanese","台湾人ハンセン病収容被害者","undefined","undefined","undefined","undefined","undefined","台湾・ハンセン病補償請求棄却処分取消訴訟 Lawsuit for the reversal of the dismissal of reparation claims by Taiwanese Hansen disease patients"
"2005-03-16","2005-09-26","2004-12-31","2005-03-08","Korean","在韓被爆者遺族","undefined","undefined","undefined","undefined","undefined","崔季澈在外被爆者葬祭料裁判 Lawsuit for the Funeral Cost of Korean Hibakusha Choi Ji-Chul"
"undefined","2010-03-10","2005-07-19","2008-10-31","Chinese","中国人強制連行・強制労働被害者・遺族6名","undefined","undefined","undefined","undefined","2010-07-15","中国人強制連行謝罪補償請求七尾訴訟 Nanao Lawsuit by Chinese Forced Laborers for Apology and Reparation"
2015,"2017-12-16","2006-03-30","2015-02-27","Chinese","中国人無差別爆撃被害者・遺族40名","undefined","undefined","undefined",2017,"2019-12-27","重慶大爆撃被害者国家賠償請求訴訟 State Reparation Lawsuit for Victims of Chongqing Air Raids"
"undefined","undefined",2006,"2009-06-18","Korean","在韓被爆者7名","undefined","undefined","undefined","undefined","undefined","在韓被爆者健康手帳・健康管理手当却下処分取消訴訟 Lawsuit to reverse the dismissal of request by Korean Hibakusha for health benefit and account"
"undefined","2008-06-05","2006-12-18","2007-12-26","Japan","吉澤文寿;太田修;田中宏;山本直好;板垣竜太;西野瑠美子;山田昭次;崔鳳泰;李容洙;李金珠","undefined","undefined","undefined","undefined","undefined","日韓会談文書公開訴訟１次訴訟 First Lawsuit for opening the archival documents on Japan-Korean negotiation"
"undefined","2012-09-21","2007-01-25","2010-05-24","Chinese","中国人遺棄毒ガス事故死亡者遺族・負傷者48人","undefined","undefined","undefined","undefined","2014-10-28","チチハル遺棄毒ガス訴訟 Lawsuit on abandoned chemical weapons in Qiqihar"
"undefined","2013-10-23","2007-02","2011-07-21","Korean","韓国人軍人軍属遺族","undefined","undefined","undefined","undefined","undefined","靖国合祀取消（ノー！ハプサ）訴訟 Lawsuit to Stop collective enshrinment of Koreans at Yasukuni"
"undefined","undefined","2007-09-25","2007-09-25","Korean","サハリン残留韓国人","undefined","undefined","undefined","undefined","undefined","サハリン残留韓国人郵便貯金返還訴訟 Lawsuit by Sakhalin Koreans for repayment of postal savings"
"undefined","undefined",2007,"2008-11-10","Korean","在韓被爆者","undefined","undefined","undefined","undefined","undefined","在韓被爆者鄭南壽手帳申請却下処分取消等訴訟 Lawsuit to reverse the dismissal of application of health benefit account by Korean Hibakusha Jeung Nan-su"
"undefined","2013-11-26","2008-01-17","2012-04-16","Chinese","中国人遺棄毒ガス事故負傷2人（少年）","undefined","undefined","undefined","undefined","2014-10-28","旧日本軍遺棄毒ガス敦化訴訟 Dunhua Lawsuit on abadoned chemical weapons by Japanese military"
"2009-12-25","2010-06-23","2008-04-23","2009-12-16","Japan","吉澤文寿;太田修;田中宏;山本直好;板垣竜太;西野瑠美子;山田昭次;崔鳳泰;李容洙;李金珠;呂運澤;李鶴来;梁澄子","undefined","undefined","undefined","2010-07-07","2011-05-10","日韓会談文書公開訴訟2次訴訟 Second Lawsuit for opening the archival documents on Japan-Korean negotiation"
"2012-10-24","2014-07-25","2008-10-14","2012-10-11","Japan","吉澤文寿;太田修;田中宏;山本直好;板垣竜太;西野瑠美子;山田昭次;崔鳳泰;李容洙;李金珠;呂運澤;李鶴来;梁澄子","undefined","undefined","undefined","undefined","undefined","日韓会談文書公開訴訟3次訴訟 Third Lawsuit for opening the archival documents on Japan-Korean negotiation"
"undefined","undefined","undefined","undefined","Chinese","中国人強制連行・強制労働被害者","undefined","2010-04-28","2010-04-28","undefined","undefined","西松建設信濃川和解 Shinanokawa Settlement with Nishimatsu Construction"
"undefined","2014-06-20","undefined","2013-10-24","Korean","韓国人原爆被爆者3名","undefined","undefined","undefined","undefined","2015-09-08","在韓被爆者医療費請求大阪訴訟 Osaka lawsuit for medical expense of Korean Hibakusha"
"undefined","2020-02-04","2015-06-26","2019-01-29","Chinese","中国人強制連行被害者・遺族13名","undefined","undefined","undefined","undefined","undefined","中国人強制連行国賠裁判 Lawsuit for state reparation for Chinese forced laborers"
"undefined","undefined","undefined","2014-03-25","Korean","在韓被爆者","undefined","undefined","undefined","undefined","undefined","在韓被爆者医療費請求長崎訴訟 Nagasaki Lawsuit for medical expense of Korean Hibakusha"
"undefined","undefined","2016-09-21","2019-01-08","Korean","韓国人原爆被爆者3名","undefined","undefined","undefined","undefined","undefined","被爆者健康手帳交付申請却下処分取消訴訟 Lawsuit to reverse the dismissal of health benefit account application by Korean Hibakusha"