"source","target","date","reference","result"
"19","堤岩里訴訟 Tiam-ri Massacre Lawsuit","1999-03-26","undefined","休止満了"
"19","サハリン上敷香事件訴訟 Sakhalin Kamishisuka MassacreLawsuit","1995-07-27","undefined","棄却"
"22","サハリン上敷香事件訴訟 Sakhalin Kamishisuka MassacreLawsuit","1996-08-07","undefined","棄却"
"19","日本鋼管損害賠償請求訴訟（金景錫裁判）NKK Damage (Kim Jingsi) Lawsuit","1997-05-26","undefined","棄却"
"22","日本鋼管損害賠償請求訴訟（金景錫裁判）NKK Damage (Kim Jingsi) Lawsuit","1999-04-06","undefined","和解"
"19","国庫債券支払請求訴訟 Lawsuit for Payment of National Treasury Bonds","1980-03-25","判タ422/108 判時974/102","棄却"
"19","韓国人ＢＣ級戦犯国家補償等請求訴訟 Korean Class BC war criminals national compensation claim lawsuit","1996-09-09","undefined","棄却"
"49","韓国人ＢＣ級戦犯国家補償等請求訴訟 Korean Class BC war criminals national compensation claim lawsuit","1999-12-20","undefined","棄却"
"22","韓国人ＢＣ級戦犯国家補償等請求訴訟 Korean Class BC war criminals national compensation claim lawsuit","1998-07-13","undefined","棄却"
"19","千代田生命生保支払請求訴訟 Payment Request Lawsuit Against Chiyoda Life Insurance","1978-01-26","判時915/78","棄却"
"19","日韓会談文書公開訴訟3次訴訟 Third Lawsuit for opening the archival documents on Japan-Korean negotiation","2012-10-11","undefined","一部認容"
"19","日韓会談文書公開訴訟2次訴訟 Second Lawsuit for opening the archival documents on Japan-Korean negotiation","2009-12-16","undefined","却下・棄却"
"19","旧日本軍遺棄毒ガス敦化訴訟 Dunhua Lawsuit on abadoned chemical weapons by Japanese military","2012-04-16","undefined","棄却"
"19","サハリン残留韓国人郵便貯金返還訴訟 Lawsuit by Sakhalin Koreans for repayment of postal savings","2007-09-25","undefined","取下"
"19","靖国合祀取消（ノー！ハプサ）訴訟 Lawsuit to Stop collective enshrinment of Koreans at Yasukuni","2011-07-21","undefined","棄却"
"19","チチハル遺棄毒ガス訴訟 Lawsuit on abandoned chemical weapons in Qiqihar","2010-05-24","undefined","棄却"
"19","日韓会談文書公開訴訟１次訴訟 First Lawsuit for opening the archival documents on Japan-Korean negotiation","2007-12-26","undefined","一部認容"
"19","重慶大爆撃被害者国家賠償請求訴訟 State Reparation Lawsuit for Victims of Chongqing Air Raids","2015-02-27","undefined","棄却"
"19","台湾・ハンセン病補償請求棄却処分取消訴訟 Lawsuit for the reversal of the dismissal of reparation claims by Taiwanese Hansen disease patients","2005-10-25","undefined","認容"
"19","韓国・ハンセン病補償請求棄却処分取消訴訟 Lawsuit for the reversal of the dismissal of reparation claims by Korean Hansen disease patients","2005-10-25","undefined","棄却"
"19","韓国人徴用工供託金返還請求第二次訴訟（日鉄釜石） Second Lawsuit to retrieve deposits by Korean forced laborers at Nippon Steel Kamaishi Co.","2004-12-27","undefined","棄却"
"19","海南島戦時性暴力被害者名誉回復等請求訴訟 Lawsuit by victims of military sexual violence in Hainan for restitution etc.","2006-08-30","undefined","棄却"
"19","韓国元軍人･軍属･遺族靖国合祀絶止･遺骨返還･謝罪･補償請求訴訟 Lawsuit by Korean former Japanese soldiers, military affiliates and bereaved against Yasukuni Shrine for end of enshrinement, return of remains, apology, and reparation","2006-05-25","undefined","棄却"
"19","韓国人徴用工供託金返還請求第一次訴訟（日鉄釜石） First Lawsuit to retrieve deposits by Korean forced laborers at Nippon Steel Kamaishi Co.","2004-10-15","undefined","棄却"
"19","李秀英南京大虐殺名誉毀損訴訟 Lawsuit by Li Xiuying for Defamation Damage about Nanjing Massacre","2002-05-10","undefined","認容"
"19","台湾人元「慰安婦」損害賠償・謝罪請求訴訟 Lawsuit by former Taiwanese 'comfort women' for apology and reparation","2002-10-15","undefined","却下・棄却"
"19","中国人性暴力被害者謝罪損害賠償請求事件（山西省） Lawsuit by Shanxi Chinese Victims of Military Sexual Violence for Apology and Reparation","2003-04-24","undefined","棄却"
"19","在日台湾人遺族未払教員恩給支払請求訴訟  Lawsuit for Unpaid Wages of Zainichi Taiwanese Teacher by the Bereaved","2003-01-29","undefined","棄却"
"19","旧日本軍遺棄毒ガス・砲二次訴訟 Second Lawsuit on Abadoned Chemical Weapons in China by Japanese Military","2003-05-15","undefined","棄却"
"19","中国人強制連行東京第二次訴訟 Second Tokyo Lawsuit by Chinese Forced Laborers","2003-03-11","undefined","棄却"
"19","731部隊細菌戦(浙江省･湖南省) 国家賠償請求訴訟 State Reparation Lawsuit for Unit 731 Victims in Zhejiang and Hunan Province","2002-08-27","undefined","棄却"
"19","旧日本軍遺棄毒ガス一次訴訟 Lawsuit on Abadoned Chemical Weapon in China by Japanese Military","2003-09-29","undefined","一部認容"
"19","シベリア抑留元日本兵謝罪・損害賠償請求訴訟（呉雄根・小熊謙二） Lawsuit by Former Japanese Soldiers Detained in Siberia for Apology and Reparation","2000-02-09","undefined","棄却"
"19","平頂山事件訴訟 Ping Ding Shan Massacre Lawsuit","2002-06-28","undefined","棄却"
"19","劉連仁訴訟 Lawsuit by Liu Lianren","2001-07-12","undefined","認容"
"19","中国人「慰安婦」二次訴訟 Second Lawsuit of Chinese 'Comfort Women'","2002-03-29","undefined","棄却"
"19","日本製鉄韓国人元徴用工損害賠償等請求訴訟 Korean Forced Laborers Reparation Lawsuit against Nippon Steel","1997-09-31","undefined","和解 対新日鉄"
"19","日本製鉄韓国人元徴用工損害賠償等請求訴訟 Korean Forced Laborers Reparation Lawsuit against Nippon Steel","2003-03-26","undefined","棄却 対政府"
"19","731部隊・南京大虐殺・無差別爆撃訴訟 Lawsuit by Victims of Unit 731, Nanjing Massacre, Indiscriminate Air Raids","1999-09-22","undefined","棄却"
"19","中国人「慰安婦」一次訴訟 First Lawsuit by Chinese 'Comfort Women'","2001-05-30","undefined","棄却"
"19","鹿島花岡鉱山中国人強制連行訴訟 Lawsuit by Chinese Forced Laborers at Kashima Hanaoka Mine","1997-12-10","undefined","棄却"
"19","韓国人元ＢＣ級戦犯公式謝罪・国家補償請求訴訟 Korean Ex-BC Class War Criminals Lawsuit for Official Apology and National Compensation","1999-03-24","undefined","棄却"
"19","サハリン残留者帰還請求訴訟 Sakhalin Stranded Lawsuit for Repatriation","1989-06-15","undefined","取下"
"19","樺太抑留朝鮮人帰還請求訴訟 Sakhalin Korean Lawsuit for Repatriation","undefined","undefined","却下"
"19","台湾人戦時貯蓄債券支払請求訴訟 Taiwanese Wartime Savings Bond Payment Lawsuit","1980-10-31","判タ425/56判時984/47","一部認容"
"19","台湾人軍票時価払戻請求訴訟 Lawsuit Demanding Refund of Market Value of Taiwanese Military Vouchers","1980-11-17","判時991/93","棄却"
"19","台湾人元日本兵訴訟 Taiwanese Former Japanese Soldier Lawsuit","1982-02-26","undefined","棄却"
"19","サハリン残留韓国人補償請求訴訟 Lawsuit for compensation for Korean residents left behind in Sakhalin","1995-07-14","undefined","取下"
"19","アジア太平洋戦争韓国人犠牲者補償請求訴訟 Lawsuit for Compensation for Korean Victims of the Asia-Pacific War","2001-03-26","undefined","棄却"
"19","江原道遺族会訴訟 Gangwon Province Forced laborers Bereft Association Lawsuit","1996-11-22","undefined","棄却"
"19","石成基・陳石一訴訟  Si Cheongji  Cheon Sii Lawsuit","1994-07-15","undefined","棄却"
"19","対日民族訴訟 Korean National Lawsuit against Japan","1996-03-25","undefined","取下・棄却"
"19","金成壽国家賠償請求訴訟 Kim Sung Soo Lawsuit for State Reparation","1998-06-23","undefined","棄却"
"19","フィリピン性奴隷国家補償請求事件 Philippine Sexual Slavery State Compensation Claims Case","1998-10-09","undefined","棄却"
"19","在日元「慰安婦」裁判（宋神道）Zainichi Former 'Comfort Women' Lawsuit (Son Shindo)","1999-10-01","undefined","棄却"
"19","光州千人訴訟 Gwangju Thousand People Lawsuit","1998-12-21","undefined","棄却"
"19","香港軍票補償請求訴訟 Hong Kong Military Ticket Compensation Claims Lawsuit","1999-06-17","undefined","棄却"
"19","人骨焼却差止住民訴訟 Lawsuit to Stop the burning of human remains in Shinjuku","1994-12-05","undefined","却下"
"19","オランダ人元捕虜・民間抑留者訴訟 Lawsuits by Dutch former prisoners of war and civilian internees","1998-11-30","undefined","棄却"
"19","金成壽恩給請求棄却処分取消請求訴訟 Lawsuit to reverse the dismissal of King Sung-su request for state benefit","1998-07-31","undefined","棄却"
"19","連合軍捕虜等訴訟 Lawsuit by Allied POWs","1998-11-26","undefined","棄却"
"22","日本製鉄韓国人元徴用工損害賠償等請求訴訟 Korean Forced Laborers Reparation Lawsuit against Nippon Steel","2005-09-29","undefined","棄却"
"22","崔圭明日本生命の企業責任を問う裁判 Lawsuit by Choi Kyu-ming against Nippon Life for Corporate Responsibility","2001-04-25","undefined","棄却"
"22","日韓会談文書公開訴訟3次訴訟 Third Lawsuit for opening the archival documents on Japan-Korean negotiation","2014-07-25","undefined","一部認容"
"22","日韓会談文書公開訴訟2次訴訟 Second Lawsuit for opening the archival documents on Japan-Korean negotiation","2010-06-23","undefined","棄却"
"22","旧日本軍遺棄毒ガス敦化訴訟 Dunhua Lawsuit on abadoned chemical weapons by Japanese military","2013-11-26","undefined","棄却"
"22","靖国合祀取消（ノー！ハプサ）訴訟 Lawsuit to Stop collective enshrinment of Koreans at Yasukuni","2013-10-23","undefined","棄却"
"22","チチハル遺棄毒ガス訴訟 Lawsuit on abandoned chemical weapons in Qiqihar","2012-09-21","undefined","棄却"
"22","日韓会談文書公開訴訟１次訴訟 First Lawsuit for opening the archival documents on Japan-Korean negotiation","2008-06-05","undefined","取下"
"22","重慶大爆撃被害者国家賠償請求訴訟 State Reparation Lawsuit for Victims of Chongqing Air Raids","2017-12-16","undefined","棄却"
"22","台湾・ハンセン病補償請求棄却処分取消訴訟 Lawsuit for the reversal of the dismissal of reparation claims by Taiwanese Hansen disease patients","2006-02-28","undefined","取下"
"22","韓国・ハンセン病補償請求棄却処分取消訴訟 Lawsuit for the reversal of the dismissal of reparation claims by Korean Hansen disease patients","2006-02-28","undefined","取下"
"22","中国人強制連行群馬訴訟（月夜野訴訟）Gunma Lawsuit by Chinese Forced Laborers (Tsukiyono Lawsuit)","2010-02-17","undefined","棄却"
"22","韓国人徴用工供託金返還請求第二次訴訟（日鉄釜石） Second Lawsuit to retrieve deposits by Korean forced laborers at Nippon Steel Kamaishi Co.","2006-04-25","undefined","棄却"
"22","海南島戦時性暴力被害者名誉回復等請求訴訟 Lawsuit by victims of military sexual violence in Hainan for restitution etc.","2009-03-26","undefined","棄却"
"22","韓国元軍人･軍属･遺族靖国合祀絶止･遺骨返還･謝罪･補償請求訴訟 Lawsuit by Korean former Japanese soldiers, military affiliates and bereaved against Yasukuni Shrine for end of enshrinement, return of remains, apology, and reparation","2009-10-29","undefined","棄却"
"22","韓国人徴用工供託金返還請求第一次訴訟（日鉄釜石） First Lawsuit to retrieve deposits by Korean forced laborers at Nippon Steel Kamaishi Co.","2005-12-14","undefined","棄却"
"22","李秀英南京大虐殺名誉毀損訴訟 Lawsuit by Li Xiuying for Defamation Damage about Nanjing Massacre","2003-04-10","undefined","認容"
"22","中国人強制違行・強制労働新潟訴訟 Niigata Lawsuit by Chinese Forced Laborers","2007-03-14","undefined","棄却"
"22","台湾人元「慰安婦」損害賠償・謝罪請求訴訟 Lawsuit by former Taiwanese 'comfort women' for apology and reparation","2004-02-09","undefined","棄却"
"22","中国人性暴力被害者謝罪損害賠償請求事件（山西省） Lawsuit by Shanxi Chinese Victims of Military Sexual Violence for Apology and Reparation","2005-03-31","undefined","棄却"
"22","中国人強制連行長野訴訟 Nagano Lawsuit by Chinese Forced Laborers","2009-09-17","undefined","棄却"
"22","旧日本軍遺棄毒ガス・砲二次訴訟 Second Lawsuit on Abadoned Chemical Weapons in China by Japanese Military","2009-05-26","undefined","不受理"
"22","旧日本軍遺棄毒ガス・砲二次訴訟 Second Lawsuit on Abadoned Chemical Weapons in China by Japanese Military","2007-03-13","undefined","棄却"
"22","中国人強制連行東京第二次訴訟 Second Tokyo Lawsuit by Chinese Forced Laborers","2006-03-16","undefined","棄却"
"22","731部隊細菌戦(浙江省･湖南省) 国家賠償請求訴訟 State Reparation Lawsuit for Unit 731 Victims in Zhejiang and Hunan Province","2005-07-19","undefined","棄却"
"22","東京麻糸紡績沼津工場朝鮮人女子勤労挺身隊訴訟 Lawsuit by the Korean Womens Teishintai Volunteer Corp at Ashi Spinners Numazu Factory Tokyo","2002-01-15","undefined","棄却"
"22","旧日本軍遺棄毒ガス一次訴訟 Lawsuit on Abadoned Chemical Weapon in China by Japanese Military","2007-07-18","undefined","棄却"
"22","シベリア抑留元日本兵謝罪・損害賠償請求訴訟（呉雄根・小熊謙二） Lawsuit by Former Japanese Soldiers Detained in Siberia for Apology and Reparation","2000-08-31","undefined","棄却"
"22","平頂山事件訴訟 Ping Ding Shan Massacre Lawsuit","2005-05-13","undefined","棄却"
"22","劉連仁訴訟 Lawsuit by Liu Lianren","2005-06-13","undefined","棄却"
"22","中国人「慰安婦」二次訴訟 Second Lawsuit of Chinese 'Comfort Women'","2005-03-18","undefined","棄却"
"22","台湾人戦時貯蓄債券支払請求訴訟 Taiwanese Wartime Savings Bond Payment Lawsuit","1984-07-30","判タ533/147 判時1124/189","一部認容"
"22","台湾人軍票時価払戻請求訴訟 Lawsuit Demanding Refund of Market Value of Taiwanese Military Vouchers","1982-04-27","判タ479/104","棄却"
"22","台湾人元日本兵訴訟 Taiwanese Former Japanese Soldier Lawsuit","1985-08-26","undefined","棄却"
"22","台湾人元軍属軍事郵便貯金時価支払請求訴訟 Lawsuit for payment of market value of Taiwanese ex-servicemens military postal savings","1982-01-28","undefined","棄却"
"22","アジア太平洋戦争韓国人犠牲者補償請求訴訟 Lawsuit for Compensation for Korean Victims of the Asia-Pacific War","2003-07-22","undefined","棄却"
"22","江原道遺族会訴訟 Gangwon Province Forced laborers Bereft Association Lawsuit","2002-03-28","undefined","棄却"
"22","石成基・陳石一訴訟  Si Cheongji  Cheon Sii Lawsuit","1998-09-29","undefined","棄却"
"22","対日民族訴訟 Korean National Lawsuit against Japan","1999-08-30","undefined","棄却"
"22","金成壽国家賠償請求訴訟 Kim Sung Soo Lawsuit for State Reparation","2000-04-27","undefined","棄却"
"22","フィリピン性奴隷国家補償請求事件 Philippine Sexual Slavery State Compensation Claims Case","2000-12-06","undefined","棄却"
"22","在日元「慰安婦」裁判（宋神道）Zainichi Former 'Comfort Women' Lawsuit (Son Shindo)","2000-11-30","undefined","棄却"
"22","光州千人訴訟 Gwangju Thousand People Lawsuit","1999-12-21","undefined","棄却"
"22","香港軍票補償請求訴訟 Hong Kong Military Ticket Compensation Claims Lawsuit","2001-02-06","undefined","棄却"
"22","人骨焼却差止住民訴訟 Lawsuit to Stop the burning of human remains in Shinjuku","1995-12-16","undefined","棄却"
"22","オランダ人元捕虜・民間抑留者訴訟 Lawsuits by Dutch former prisoners of war and civilian internees","2001-10-11","undefined","棄却"
"22","金成壽恩給請求棄却処分取消請求訴訟 Lawsuit to reverse the dismissal of King Sung-su request for state benefit","1999-12-27","undefined","棄却"
"22","連合軍捕虜等訴訟 Lawsuit by Allied POWs","2002-03-27","undefined","棄却"
"22","韓国人元ＢＣ級戦犯公式謝罪・国家補償請求訴訟 Korean Ex-BC Class War Criminals Lawsuit for Official Apology and National Compensation","2000-05-25","undefined","棄却"
"22","鹿島花岡鉱山中国人強制連行訴訟 Lawsuit by Chinese Forced Laborers at Kashima Hanaoka Mine","2000-11-29","undefined","和解"
"22","中国人「慰安婦」一次訴訟 First Lawsuit by Chinese 'Comfort Women'","2004-12-15","undefined","棄却"
"22","731部隊・南京大虐殺・無差別爆撃訴訟 Lawsuit by Victims of Unit 731, Nanjing Massacre, Indiscriminate Air Raids","2005-04-19","undefined","棄却"
"49","孫振斗手帳裁判 Son Chindo Notebook Lawsuit","1978-03-30","判タ362/196 判時886/3","認容"
"48","孫振斗手帳裁判 Son Chindo Notebook Lawsuit","1975-07-07","判タ325/175 判時789/11","認容"
"44","孫振斗手帳裁判 Son Chindo Notebook Lawsuit","1974-03-30","判タ306/173 判時736/29","認容"
"44","中国人強制連行福岡二陣訴訟 Second Fukuoka Lawsuit by Chinese Forced Laborers","2006-03-29","undefined","棄却"
"44","中国人強制連行福岡一次訴訟 First Fukuoka Lawsuit by Chinese Forced Laborers","2002-04-26","undefined","一部認容"
"48","在韓被爆者医療費請求長崎訴訟 Nagasaki Lawsuit for medical expense of Korean Hibakusha","undefined","undefined","取下"
"48","在韓被爆者鄭南壽手帳申請却下処分取消等訴訟 Lawsuit to reverse the dismissal of application of health benefit account by Korean Hibakusha Jeung Nan-su","undefined","undefined","長崎県控訴取り下げ"
"48","崔季澈在外被爆者葬祭料裁判 Lawsuit for the Funeral Cost of Korean Hibakusha Choi Ji-Chul","2005-09-26","undefined","認容"
"48","中国人強制連行宮崎訴訟 Miyazaki Lawsuit by Chinese Forced Laborers","2009-03-27","undefined","棄却"
"48","在韓被爆者健康管理手当支給訴訟(崔季澈) Lawsuit for back payment of Korean Hibakusha health benefit (Choi Ji-chul)","2007-01-22","undefined","棄却"
"48","在韓被爆者健康管理手当受給停止処分取消訴訟(崔季澈裁判) Lawsuit for the reversal of the stoppage of health benefit for Korean Hibakusha (Choi Ji-chul Lawsuit)","2005-09-26","undefined","認容"
"48","在韓被爆者李康寧健康管理手当受給権者地位確認訴訟 Lawsuit to ascertain the right of Korean Hibakusha Lee Kang-yeong to receive health benefit","2003-02-07","undefined","認容"
"48","中国人強制連行・強制労働・原爆被爆者、遺族損害賠償請求訴訟","2008-10-20","undefined","棄却"
"48","中国人強制連行福岡二陣訴訟 Second Fukuoka Lawsuit by Chinese Forced Laborers","2009-03-09","undefined","棄却"
"48","中国人強制連行福岡一次訴訟 First Fukuoka Lawsuit by Chinese Forced Laborers","2004-05-24","undefined","棄却"
"48","金順吉裁判 Kim Sonkil Lawsuit","1999-10-01","undefined","棄却"
"49","姜富中訴訟 Kang Pujeyong Lawsuit","2001-10-16","undefined","棄却"
"49","不二越二つ次訴訟 Second Lawsuit against Nachi-Fujikoshi Corp","2011-10-24","undefined","不受理"
"49","李秀英南京大虐殺名誉毀損訴訟 Lawsuit by Li Xiuying for Defamation Damage about Nanjing Massacre","2005-01-21","undefined","棄却"
"49","韓国人徴用工供託金返還請求第二次訴訟（日鉄釜石） Second Lawsuit to retrieve deposits by Korean forced laborers at Nippon Steel Kamaishi Co.","2007-01-29","undefined","棄却"
"49","韓国人徴用工供託金返還請求第一次訴訟（日鉄釜石） First Lawsuit to retrieve deposits by Korean forced laborers at Nippon Steel Kamaishi Co.","2007-01-29","undefined","棄却"
"49","在韓被爆者医療費請求大阪訴訟 Osaka lawsuit for medical expense of Korean Hibakusha","2015-09-08","undefined","請求認容"
"49","日韓会談文書公開訴訟2次訴訟 Second Lawsuit for opening the archival documents on Japan-Korean negotiation","2011-05-10","undefined","不受理"
"49","旧日本軍遺棄毒ガス敦化訴訟 Dunhua Lawsuit on abadoned chemical weapons by Japanese military","2014-10-28","undefined","棄却"
"49","チチハル遺棄毒ガス訴訟 Lawsuit on abandoned chemical weapons in Qiqihar","2014-10-28","undefined","棄却"
"49","重慶大爆撃被害者国家賠償請求訴訟 State Reparation Lawsuit for Victims of Chongqing Air Raids","2019-12-27","undefined","却下"
"49","中国人強制連行謝罪補償請求七尾訴訟 Nanao Lawsuit by Chinese Forced Laborers for Apology and Reparation","2010-07-15","undefined","不受理"
"49","三菱・韓国人元徴用工被爆者手帳申請却下処分取消訴訟 Lawsuit to reverse the dismissal of Mitsubishi Korean forced laborers request to apply for Hibakusha health benefit account","2007-11-01","undefined","棄却"
"49","中国人強制連行山形･酒田訴訟 Yamagata Sakata Lawsuit by Chinese Forced Laborers","2011-02-18","undefined","不受理"
"49","中国人強制連行宮崎訴訟 Miyazaki Lawsuit by Chinese Forced Laborers","2010-05-27","undefined","不受理"
"49","在韓被爆者健康管理手当支給訴訟(崔季澈) Lawsuit for back payment of Korean Hibakusha health benefit (Choi Ji-chul)","2008-02-18","undefined","破棄"
"49","中国人強制連行・強制労働・原爆被爆者、遺族損害賠償請求訴訟","2009-12-24","undefined","不受理"
"49","中国人強制連行福岡二陣訴訟 Second Fukuoka Lawsuit by Chinese Forced Laborers","2009-12-24","undefined","不受理"
"49","中国人強制連行群馬訴訟（月夜野訴訟）Gunma Lawsuit by Chinese Forced Laborers (Tsukiyono Lawsuit)","2011-03-01","undefined","不受理"
"49","海南島戦時性暴力被害者名誉回復等請求訴訟 Lawsuit by victims of military sexual violence in Hainan for restitution etc.","2010-03-02","undefined","不受理"
"49","韓国元軍人･軍属･遺族靖国合祀絶止･遺骨返還･謝罪･補償請求訴訟 Lawsuit by Korean former Japanese soldiers, military affiliates and bereaved against Yasukuni Shrine for end of enshrinement, return of remains, apology, and reparation","2011-11-30","undefined","不受理"
"49","中国人強制連行福岡一次訴訟 First Fukuoka Lawsuit by Chinese Forced Laborers","2007-04-27","undefined","棄却"
"49","中国人強制連行北海道訴訟 Hokkaido Lawsuit by Chinese Forced Laborers","2008-07-08","undefined","棄却"
"49","中国人強制違行・強制労働新潟訴訟 Niigata Lawsuit by Chinese Forced Laborers","2008-07-04","undefined","棄却"
"49","台湾人元「慰安婦」損害賠償・謝罪請求訴訟 Lawsuit by former Taiwanese 'comfort women' for apology and reparation","2005-02-25","undefined","棄却"
"49","在韓被爆者李康寧健康管理手当受給権者地位確認訴訟 Lawsuit to ascertain the right of Korean Hibakusha Lee Kang-yeong to receive health benefit","2006-06-13","undefined","棄却"
"49","三菱名古屋･朝鮮女子勤労挺身隊訴訟 Lawsuit by Korean Women Volunteer Corp against Mitsubishi Nagoya","2008-11-11","undefined","棄却"
"49","中国人性暴力被害者謝罪損害賠償請求事件（山西省） Lawsuit by Shanxi Chinese Victims of Military Sexual Violence for Apology and Reparation","2005-11-18","undefined","棄却"
"49","中国人強制連行京都訴訟（大江山訴訟）Lawsuit by Chinese Forced Laborers Taken to Oeyama, Kyoto","2007-06-12","undefined","棄却"
"49","台湾出身元ＢＣ級戦犯損害賠償請求訴訟 Lawsuit for reparation by former Taiwanese Class BC War Criminals","2004-04-23","undefined","棄却"
"49","西松建設中国人強制連行・強制労働損害賠償請求訴訟 Lawsuit by Chinese forced laborers against Nishimatsu Construction for Damage Reparation","2007-04-27","undefined","棄却"
"49","日鉄大阪製鐵所元徴用工損害賠償請求訴訟 Lawsuit by forced Laborers against Nittetsu Osaka for Damage Reparation","2003-10-09","undefined","棄却"
"49","中国人強制連行長野訴訟 Nagano Lawsuit by Chinese Forced Laborers","2011-02-24","undefined","不受理"
"49","中国人強制連行東京第二次訴訟 Second Tokyo Lawsuit by Chinese Forced Laborers","2007-06-15","undefined","棄却"
"49","731部隊細菌戦(浙江省･湖南省) 国家賠償請求訴訟 State Reparation Lawsuit for Unit 731 Victims in Zhejiang and Hunan Province","2007-05-09","undefined","棄却"
"49","東京麻糸紡績沼津工場朝鮮人女子勤労挺身隊訴訟 Lawsuit by the Korean Womens Teishintai Volunteer Corp at Ashi Spinners Numazu Factory Tokyo","2003-03-27","undefined","棄却 帝人が見舞金支給"
"49","旧日本軍遺棄毒ガス一次訴訟 Lawsuit on Abadoned Chemical Weapon in China by Japanese Military","2009-05-26","undefined","不受理"
"49","シベリア抑留元日本兵謝罪・損害賠償請求訴訟（呉雄根・小熊謙二） Lawsuit by Former Japanese Soldiers Detained in Siberia for Apology and Reparation","2002-03-08","undefined","棄却"
"49","平頂山事件訴訟 Ping Ding Shan Massacre Lawsuit","2006-05-16","undefined","棄却"
"49","劉連仁訴訟 Lawsuit by Liu Lianren","2007-04-27","undefined","棄却"
"49","中国人「慰安婦」二次訴訟 Second Lawsuit of Chinese 'Comfort Women'","2007-04-27","undefined","棄却"
"49","三菱広島・元徴用工被爆者未払賃金等請求訴訟 Lawsuit against Mitsubishi Hiroshima for Unpaid Wages for Hibakusha Korean Forced Laborers","2007-11-01","undefined","上告棄却（請求一部認容）　国"
"49","三菱広島・元徴用工被爆者未払賃金等請求訴訟 Lawsuit against Mitsubishi Hiroshima for Unpaid Wages for Hibakusha Korean Forced Laborers","2007-11-01","undefined","上告棄却 原告"
"49","日本製鉄韓国人元徴用工損害賠償等請求訴訟 Korean Forced Laborers Reparation Lawsuit against Nippon Steel","2007-01-29","undefined","棄却"
"49","731部隊・南京大虐殺・無差別爆撃訴訟 Lawsuit by Victims of Unit 731, Nanjing Massacre, Indiscriminate Air Raids","2007-05-09","undefined","棄却"
"49","中国人「慰安婦」一次訴訟 First Lawsuit by Chinese 'Comfort Women'","2007-04-27","undefined","棄却"
"49","台湾人元日本兵訴訟 Taiwanese Former Japanese Soldier Lawsuit","1992-04-28","undefined","棄却"
"49","台湾人元軍属軍事郵便貯金時価支払請求訴訟 Lawsuit for payment of market value of Taiwanese ex-servicemens military postal savings","1982-10-15","undefined","棄却"
"49","鄭商根訴訟 Jeong Syanggen Lawsuit","2001-04-13","undefined","棄却"
"49","アジア太平洋戦争韓国人犠牲者補償請求訴訟 Lawsuit for Compensation for Korean Victims of the Asia-Pacific War","2004-11-29","undefined","棄却"
"49","江原道遺族会訴訟 Gangwon Province Forced laborers Bereft Association Lawsuit","2003-03-28","undefined","棄却"
"49","金順吉裁判 Kim Sonkil Lawsuit","2003-03-28","undefined","棄却"
"49","石成基・陳石一訴訟  Si Cheongji  Cheon Sii Lawsuit","2001-04-05","undefined","棄却"
"49","浮島丸訴訟 Ukishima-maru Lawsuit","2004-11-30","undefined","棄却"
"49","対日民族訴訟 Korean National Lawsuit against Japan","2003-03-27","undefined","棄却"
"49","不二越一次訴訟 First Lawsuit against Nachi-Fujikoshi Corp","2000-07-11","undefined","和解"
"49","金成壽国家賠償請求訴訟 Kim Sung Soo Lawsuit for State Reparation","2001-11-16","undefined","棄却"
"49","シベリア抑留在日韓国人恩給・慰労金訴訟（李昌錫）Lawsuit by Siberian Detained Zainichi Koreans against Japan for Benefits (Lee Chang-Sik)","2002-07-18","undefined","棄却"
"49","関釜裁判 Lawsuit by Pusan Comfort Women and Womens Labor Corps Members","2003-03-25","undefined","棄却"
"49","フィリピン性奴隷国家補償請求事件 Philippine Sexual Slavery State Compensation Claims Case","2003-12-25","undefined","棄却"
"49","在日元「慰安婦」裁判（宋神道）Zainichi Former 'Comfort Women' Lawsuit (Son Shindo)","2003-03-28","undefined","棄却"
"49","光州千人訴訟 Gwangju Thousand People Lawsuit","2000-02-08","undefined","却下"
"49","香港軍票補償請求訴訟 Hong Kong Military Ticket Compensation Claims Lawsuit","2001-10-16","undefined","棄却"
"49","人骨焼却差止住民訴訟 Lawsuit to Stop the burning of human remains in Shinjuku","2000-12-19","undefined","棄却"
"49","オランダ人元捕虜・民間抑留者訴訟 Lawsuits by Dutch former prisoners of war and civilian internees","2004-03-30","undefined","棄却"
"49","金成壽恩給請求棄却処分取消請求訴訟 Lawsuit to reverse the dismissal of King Sung-su request for state benefit","2001-11-16","undefined","棄却"
"49","連合軍捕虜等訴訟 Lawsuit by Allied POWs","2004-03-30","undefined","棄却"
"49","韓国人元ＢＣ級戦犯公式謝罪・国家補償請求訴訟 Korean Ex-BC Class War Criminals Lawsuit for Official Apology and National Compensation","2001-11-22","undefined","棄却"
"86","鄭商根訴訟 Jeong Syanggen Lawsuit","1999-09-10","undefined","棄却"
"85","鄭商根訴訟 Jeong Syanggen Lawsuit","1995-10-11","undefined","却下・棄却"
"85","中国人強制連行国賠裁判 Lawsuit for state reparation for Chinese forced laborers","2019-01-29","undefined","棄却"
"85","在韓被爆者医療費請求大阪訴訟 Osaka lawsuit for medical expense of Korean Hibakusha","2013-10-24","undefined","認容"
"85","在韓被爆者健康手帳・健康管理手当却下処分取消訴訟 Lawsuit to reverse the dismissal of request by Korean Hibakusha for health benefit and account","2009-06-18","undefined","認容"
"85","在韓被爆者葬祭料支給却下取消・損害賠償請求訴訟 Lawsuit to reverse the cancellation of payment for the funeral expense of Korean Hibakusha","2006-02-21","undefined","棄却"
"85","在韓被爆者李在錫健康管理手当受給権者地位確認訴訟 Lawsuit to ascertain the right of Korean Hibakusha Lee Jae-seok to receive health benefit","2003-03-20","undefined","一部認容"
"85","崔圭明日本生命の企業責任を問う裁判 Lawsuit by Choi Kyu-ming against Nippon Life for Corporate Responsibility","2000-12-08","undefined","棄却"
"85","在韓被爆者健康管理手当受給権者地位確認訴訟 Lawsuit to ascertain the rights of Korean Hibakusha reciever of health benefit","2001-06-01","undefined","認容"
"85","日鉄大阪製鐵所元徴用工損害賠償請求訴訟 Lawsuit by forced Laborers against Nittetsu Osaka for Damage Reparation","2001-03-27","undefined","棄却"
"86","姜富中訴訟 Kang Pujeyong Lawsuit","2001-02-06","undefined","棄却"
"86","中国人強制連行国賠裁判 Lawsuit for state reparation for Chinese forced laborers","2020-02-04","undefined","棄却"
"86","在韓被爆者医療費請求大阪訴訟 Osaka lawsuit for medical expense of Korean Hibakusha","2014-06-20","undefined","請求認容"
"86","在韓被爆者健康管理手当受給権者地位確認訴訟 Lawsuit to ascertain the rights of Korean Hibakusha reciever of health benefit","2002-12-105","undefined","認容"
"86","中国人強制連行京都訴訟（大江山訴訟）Lawsuit by Chinese Forced Laborers Taken to Oeyama, Kyoto","2004-09-27","undefined","棄却 対国"
"86","中国人強制連行京都訴訟（大江山訴訟）Lawsuit by Chinese Forced Laborers Taken to Oeyama, Kyoto","2004-09-29","undefined","和解 対日本冶金"
"86","日鉄大阪製鐵所元徴用工損害賠償請求訴訟 Lawsuit by forced Laborers against Nittetsu Osaka for Damage Reparation","2002-11-19","undefined","棄却"
"86","シベリア抑留在日韓国人恩給・慰労金訴訟（李昌錫）Lawsuit by Siberian Detained Zainichi Koreans against Japan for Benefits (Lee Chang-Sik)","2000-02-23","undefined","棄却"
"86","浮島丸訴訟 Ukishima-maru Lawsuit","1998-09-29","undefined","棄却"
"108","金順吉裁判 Kim Sonkil Lawsuit","1997-12-02","undefined","棄却"
"108","被爆者健康手帳交付申請却下処分取消訴訟 Lawsuit to reverse the dismissal of health benefit account application by Korean Hibakusha","2019-01-08","undefined","認容"
"108","在韓被爆者医療費請求長崎訴訟 Nagasaki Lawsuit for medical expense of Korean Hibakusha","2014-03-25","undefined","棄却"
"108","在韓被爆者鄭南壽手帳申請却下処分取消等訴訟 Lawsuit to reverse the dismissal of application of health benefit account by Korean Hibakusha Jeung Nan-su","2008-11-10","undefined","認容"
"108","崔季澈在外被爆者葬祭料裁判 Lawsuit for the Funeral Cost of Korean Hibakusha Choi Ji-Chul","2005-03-08","undefined","認容"
"108","在韓被爆者健康管理手当支給訴訟(崔季澈) Lawsuit for back payment of Korean Hibakusha health benefit (Choi Ji-chul)","2005-12-30","undefined","一部認容"
"108","在韓被爆者健康管理手当受給停止処分取消訴訟(崔季澈裁判) Lawsuit for the reversal of the stoppage of health benefit for Korean Hibakusha (Choi Ji-chul Lawsuit)","2004-09-28","undefined","認容"
"108","中国人強制連行・強制労働・原爆被爆者、遺族損害賠償請求訴訟","2007-03-27","undefined","棄却"
"108","在韓被爆者李康寧健康管理手当受給権者地位確認訴訟 Lawsuit to ascertain the right of Korean Hibakusha Lee Kang-yeong to receive health benefit","2001-12-26","undefined","認容"
"116","浮島丸訴訟 Ukishima-maru Lawsuit","2001-08-23","undefined","一部認容"
"116","中国人強制連行京都訴訟（大江山訴訟）Lawsuit by Chinese Forced Laborers Taken to Oeyama, Kyoto","2003-01-15","undefined","棄却"
"116","シベリア抑留在日韓国人恩給・慰労金訴訟（李昌錫）Lawsuit by Siberian Detained Zainichi Koreans against Japan for Benefits (Lee Chang-Sik)","1998-02-27","undefined","却下・棄却"
"130","不二越一次訴訟 First Lawsuit against Nachi-Fujikoshi Corp","1998-12-21","undefined","棄却"
"129","不二越一次訴訟 First Lawsuit against Nachi-Fujikoshi Corp","1996-07-24","undefined","棄却"
"129","不二越二つ次訴訟 Second Lawsuit against Nachi-Fujikoshi Corp","2007-09-19","undefined","棄却"
"130","不二越二つ次訴訟 Second Lawsuit against Nachi-Fujikoshi Corp","2010-03-08","undefined","棄却"
"153","姜富中訴訟 Kang Pujeyong Lawsuit","1997-11-17","undefined","棄却"
"173","関釜裁判 Lawsuit by Pusan Comfort Women and Womens Labor Corps Members","2001-03-29","undefined","棄却"
"166","関釜裁判 Lawsuit by Pusan Comfort Women and Womens Labor Corps Members","1998-04-27","undefined","一部認容"
"173","三菱・韓国人元徴用工被爆者手帳申請却下処分取消訴訟 Lawsuit to reverse the dismissal of Mitsubishi Korean forced laborers request to apply for Hibakusha health benefit account","2008-09-02","undefined","棄却"
"173","西松建設中国人強制連行・強制労働損害賠償請求訴訟 Lawsuit by Chinese forced laborers against Nishimatsu Construction for Damage Reparation","2004-07-09","undefined","認容"
"173","三菱広島・元徴用工被爆者未払賃金等請求訴訟 Lawsuit against Mitsubishi Hiroshima for Unpaid Wages for Hibakusha Korean Forced Laborers","2005-01-19","undefined","一部認容"
"235","三菱広島・元徴用工被爆者未払賃金等請求訴訟 Lawsuit against Mitsubishi Hiroshima for Unpaid Wages for Hibakusha Korean Forced Laborers","1999-03-25","undefined","棄却"
"235","三菱・韓国人元徴用工被爆者手帳申請却下処分取消訴訟 Lawsuit to reverse the dismissal of Mitsubishi Korean forced laborers request to apply for Hibakusha health benefit account","2006-09-26","undefined","棄却"
"235","西松建設中国人強制連行・強制労働損害賠償請求訴訟 Lawsuit by Chinese forced laborers against Nishimatsu Construction for Damage Reparation","2002-07-09","undefined","棄却"
"286","東京麻糸紡績沼津工場朝鮮人女子勤労挺身隊訴訟 Lawsuit by the Korean Womens Teishintai Volunteer Corp at Ashi Spinners Numazu Factory Tokyo","2000-01-27","undefined","棄却"
"314","中国人強制連行長野訴訟 Nagano Lawsuit by Chinese Forced Laborers","2006-03-10","undefined","棄却"
"324","西松建設中国人強制連行・強制労働損害賠償請求訴訟 Lawsuit by Chinese forced laborers against Nishimatsu Construction for Damage Reparation","2009-10-27","undefined","即決和解"
"324","西松建設信濃川和解 Shinanokawa Settlement with Nishimatsu Construction","2010-04-28","undefined","undefined"
"330","台湾出身元ＢＣ級戦犯損害賠償請求訴訟 Lawsuit for reparation by former Taiwanese Class BC War Criminals","2002-05-21","undefined","棄却"
"329","台湾出身元ＢＣ級戦犯損害賠償請求訴訟 Lawsuit for reparation by former Taiwanese Class BC War Criminals","2001-02-23","undefined","棄却"
"329","中国人強制連行宮崎訴訟 Miyazaki Lawsuit by Chinese Forced Laborers","2007-03-26","undefined","棄却"
"352","三菱名古屋･朝鮮女子勤労挺身隊訴訟 Lawsuit by Korean Women Volunteer Corp against Mitsubishi Nagoya","2007-05-21","undefined","棄却"
"351","三菱名古屋･朝鮮女子勤労挺身隊訴訟 Lawsuit by Korean Women Volunteer Corp against Mitsubishi Nagoya","2005-02-24","undefined","棄却"
"352","中国人強制連行謝罪補償請求七尾訴訟 Nanao Lawsuit by Chinese Forced Laborers for Apology and Reparation","2010-03-10","undefined","棄却"
"385","中国人強制違行・強制労働新潟訴訟 Niigata Lawsuit by Chinese Forced Laborers","2004-03-26","undefined","認容"
"412","中国人強制連行北海道訴訟 Hokkaido Lawsuit by Chinese Forced Laborers","2007-06-28","undefined","棄却"
"408","中国人強制連行北海道訴訟 Hokkaido Lawsuit by Chinese Forced Laborers","2004-03-23","undefined","棄却"
"444","中国人強制連行群馬訴訟（月夜野訴訟）Gunma Lawsuit by Chinese Forced Laborers (Tsukiyono Lawsuit)","2007-08-29","undefined","棄却"
"481","中国人強制連行山形･酒田訴訟 Yamagata Sakata Lawsuit by Chinese Forced Laborers","2008-02-23","undefined","棄却"
"482","中国人強制連行山形･酒田訴訟 Yamagata Sakata Lawsuit by Chinese Forced Laborers","2009-11-20","undefined","棄却"
"488","中国人強制連行謝罪補償請求七尾訴訟 Nanao Lawsuit by Chinese Forced Laborers for Apology and Reparation","2008-10-31","undefined","棄却"